C_CODE,I_CODE,YEAR,MEASUREMENTS
AUS,SP.POP.TOTL,1960,10276477
AUS,SP.POP.TOTL,1961,10483000
AUS,SP.POP.TOTL,1962,10742000
AUS,SP.POP.TOTL,1963,10950000
AUS,SP.POP.TOTL,1964,11167000
AUS,SP.POP.TOTL,1965,11388000
AUS,SP.POP.TOTL,1966,11651000
AUS,SP.POP.TOTL,1967,11799000
AUS,SP.POP.TOTL,1968,12009000
AUS,SP.POP.TOTL,1969,12263000
AUS,SP.POP.TOTL,1970,12507000
AUS,SP.POP.TOTL,1971,12937000
AUS,SP.POP.TOTL,1972,13177000
AUS,SP.POP.TOTL,1973,13380000
AUS,SP.POP.TOTL,1974,13723000
AUS,SP.POP.TOTL,1975,13893000
AUS,SP.POP.TOTL,1976,14033000
AUS,SP.POP.TOTL,1977,14192000
AUS,SP.POP.TOTL,1978,14358000
AUS,SP.POP.TOTL,1979,14514000
AUS,SP.POP.TOTL,1980,14692000
AUS,SP.POP.TOTL,1981,14927000
AUS,SP.POP.TOTL,1982,15178000
AUS,SP.POP.TOTL,1983,15369000
AUS,SP.POP.TOTL,1984,15544000
AUS,SP.POP.TOTL,1985,15758000
AUS,SP.POP.TOTL,1986,16018400
AUS,SP.POP.TOTL,1987,16263900
AUS,SP.POP.TOTL,1988,16532200
AUS,SP.POP.TOTL,1989,16814400
AUS,SP.POP.TOTL,1990,17065100
AUS,SP.POP.TOTL,1991,17284000
AUS,SP.POP.TOTL,1992,17495000
AUS,SP.POP.TOTL,1993,17667000
AUS,SP.POP.TOTL,1994,17855000
AUS,SP.POP.TOTL,1995,18072000
AUS,SP.POP.TOTL,1996,18311000
AUS,SP.POP.TOTL,1997,18517000
AUS,SP.POP.TOTL,1998,18711000
AUS,SP.POP.TOTL,1999,18926000
AUS,SP.POP.TOTL,2000,19153000
AUS,SP.POP.TOTL,2001,19413000
AUS,SP.POP.TOTL,2002,19651400
AUS,SP.POP.TOTL,2003,19895400
AUS,SP.POP.TOTL,2004,20127400
AUS,SP.POP.TOTL,2005,20394800
AUS,SP.POP.TOTL,2006,20697900
AUS,SP.POP.TOTL,2007,20827600
AUS,SP.POP.TOTL,2008,21249200
AUS,SP.POP.TOTL,2009,21691700
AUS,SP.POP.TOTL,2010,22031750
AUS,SP.POP.TOTL,2011,22340024
AUS,SP.POP.TOTL,2012,22733465
AUS,SP.POP.TOTL,2013,23128129
AUS,SP.POP.TOTL,2014,23475686
AUS,SP.POP.TOTL,2015,23815995
AUS,SP.POP.TOTL,2016,24190907
AUS,SP.POP.TOTL,2017,24601860
AUS,SP.POP.TOTL,2018,24992369
AUS,SP.DYN.LE00.IN,1960,70.8170731707317
AUS,SP.DYN.LE00.IN,1961,70.9731707317073
AUS,SP.DYN.LE00.IN,1962,70.9424390243903
AUS,SP.DYN.LE00.IN,1963,70.9117073170732
AUS,SP.DYN.LE00.IN,1964,70.8809756097561
AUS,SP.DYN.LE00.IN,1965,70.850243902439
AUS,SP.DYN.LE00.IN,1966,70.819512195122
AUS,SP.DYN.LE00.IN,1967,70.8692682926829
AUS,SP.DYN.LE00.IN,1968,70.9190243902439
AUS,SP.DYN.LE00.IN,1969,70.9687804878049
AUS,SP.DYN.LE00.IN,1970,71.0185365853659
AUS,SP.DYN.LE00.IN,1971,71.0682926829268
AUS,SP.DYN.LE00.IN,1972,71.4575609756098
AUS,SP.DYN.LE00.IN,1973,71.8468292682927
AUS,SP.DYN.LE00.IN,1974,72.2360975609756
AUS,SP.DYN.LE00.IN,1975,72.6253658536586
AUS,SP.DYN.LE00.IN,1976,73.0146341463415
AUS,SP.DYN.LE00.IN,1977,73.3443902439024
AUS,SP.DYN.LE00.IN,1978,73.6741463414634
AUS,SP.DYN.LE00.IN,1979,74.0039024390244
AUS,SP.DYN.LE00.IN,1980,74.3336585365854
AUS,SP.DYN.LE00.IN,1981,74.6634146341463
AUS,SP.DYN.LE00.IN,1982,74.9048780487805
AUS,SP.DYN.LE00.IN,1983,75.1463414634146
AUS,SP.DYN.LE00.IN,1984,75.3878048780488
AUS,SP.DYN.LE00.IN,1985,75.6292682926829
AUS,SP.DYN.LE00.IN,1986,75.8707317073171
AUS,SP.DYN.LE00.IN,1987,76.1517073170732
AUS,SP.DYN.LE00.IN,1988,76.4326829268293
AUS,SP.DYN.LE00.IN,1989,76.7136585365854
AUS,SP.DYN.LE00.IN,1990,76.9946341463415
AUS,SP.DYN.LE00.IN,1991,77.2756097560976
AUS,SP.DYN.LE00.IN,1992,77.3780487804878
AUS,SP.DYN.LE00.IN,1993,77.8780487804878
AUS,SP.DYN.LE00.IN,1994,77.8780487804878
AUS,SP.DYN.LE00.IN,1995,77.8292682926829
AUS,SP.DYN.LE00.IN,1996,78.0780487804878
AUS,SP.DYN.LE00.IN,1997,78.4804878048781
AUS,SP.DYN.LE00.IN,1998,78.6317073170732
AUS,SP.DYN.LE00.IN,1999,78.9317073170732
AUS,SP.DYN.LE00.IN,2000,79.2341463414634
AUS,SP.DYN.LE00.IN,2001,79.6341463414634
AUS,SP.DYN.LE00.IN,2002,79.9365853658537
AUS,SP.DYN.LE00.IN,2003,80.2390243902439
AUS,SP.DYN.LE00.IN,2004,80.490243902439
AUS,SP.DYN.LE00.IN,2005,80.8414634146341
AUS,SP.DYN.LE00.IN,2006,81.0414634146342
AUS,SP.DYN.LE00.IN,2007,81.2926829268293
AUS,SP.DYN.LE00.IN,2008,81.3951219512195
AUS,SP.DYN.LE00.IN,2009,81.5439024390244
AUS,SP.DYN.LE00.IN,2010,81.6951219512195
AUS,SP.DYN.LE00.IN,2011,81.8951219512195
AUS,SP.DYN.LE00.IN,2012,82.0463414634146
AUS,SP.DYN.LE00.IN,2013,82.1487804878049
AUS,SP.DYN.LE00.IN,2014,82.3
AUS,SP.DYN.LE00.IN,2015,82.4
AUS,SP.DYN.LE00.IN,2016,82.4487804878049
AUS,SP.DYN.LE00.IN,2017,82.4975609756098
AUS,NY.GDP.MKTP.KD.ZG,1961,2.485789429032
AUS,NY.GDP.MKTP.KD.ZG,1962,1.29590608067429
AUS,NY.GDP.MKTP.KD.ZG,1963,6.21461791058083
AUS,NY.GDP.MKTP.KD.ZG,1964,6.97853350773255
AUS,NY.GDP.MKTP.KD.ZG,1965,5.98356261115181
AUS,NY.GDP.MKTP.KD.ZG,1966,2.38254609165584
AUS,NY.GDP.MKTP.KD.ZG,1967,6.30251721073168
AUS,NY.GDP.MKTP.KD.ZG,1968,5.09588078246428
AUS,NY.GDP.MKTP.KD.ZG,1969,7.04423241840924
AUS,NY.GDP.MKTP.KD.ZG,1970,7.17220703641655
AUS,NY.GDP.MKTP.KD.ZG,1971,4.00372351928991
AUS,NY.GDP.MKTP.KD.ZG,1972,3.91265629379166
AUS,NY.GDP.MKTP.KD.ZG,1973,2.61339388837773
AUS,NY.GDP.MKTP.KD.ZG,1974,4.10355221488801
AUS,NY.GDP.MKTP.KD.ZG,1975,1.34997281728944
AUS,NY.GDP.MKTP.KD.ZG,1976,2.58763920112666
AUS,NY.GDP.MKTP.KD.ZG,1977,3.59750974774349
AUS,NY.GDP.MKTP.KD.ZG,1978,0.896784694168801
AUS,NY.GDP.MKTP.KD.ZG,1979,4.04350392041144
AUS,NY.GDP.MKTP.KD.ZG,1980,3.03406821566392
AUS,NY.GDP.MKTP.KD.ZG,1981,3.3379589496938
AUS,NY.GDP.MKTP.KD.ZG,1982,3.32840049046553
AUS,NY.GDP.MKTP.KD.ZG,1983,-2.22045813521454
AUS,NY.GDP.MKTP.KD.ZG,1984,4.58126949106862
AUS,NY.GDP.MKTP.KD.ZG,1985,5.24924090486381
AUS,NY.GDP.MKTP.KD.ZG,1986,4.03724724432439
AUS,NY.GDP.MKTP.KD.ZG,1987,2.55328541629207
AUS,NY.GDP.MKTP.KD.ZG,1988,5.74072859859231
AUS,NY.GDP.MKTP.KD.ZG,1989,3.8647095536645
AUS,NY.GDP.MKTP.KD.ZG,1990,3.57061742142551
AUS,NY.GDP.MKTP.KD.ZG,1991,-0.397231658736658
AUS,NY.GDP.MKTP.KD.ZG,1992,0.41252910915604
AUS,NY.GDP.MKTP.KD.ZG,1993,4.02940866924268
AUS,NY.GDP.MKTP.KD.ZG,1994,3.98269524456455
AUS,NY.GDP.MKTP.KD.ZG,1995,3.8360591178651
AUS,NY.GDP.MKTP.KD.ZG,1996,3.87861846178214
AUS,NY.GDP.MKTP.KD.ZG,1997,3.96649664429529
AUS,NY.GDP.MKTP.KD.ZG,1998,4.57669378261247
AUS,NY.GDP.MKTP.KD.ZG,1999,5.07358525786199
AUS,NY.GDP.MKTP.KD.ZG,2000,3.93309702604363
AUS,NY.GDP.MKTP.KD.ZG,2001,1.93088254446003
AUS,NY.GDP.MKTP.KD.ZG,2002,4.00137703160961
AUS,NY.GDP.MKTP.KD.ZG,2003,2.9859404859405
AUS,NY.GDP.MKTP.KD.ZG,2004,4.05555187381954
AUS,NY.GDP.MKTP.KD.ZG,2005,3.20416012202685
AUS,NY.GDP.MKTP.KD.ZG,2006,2.7945833156557
AUS,NY.GDP.MKTP.KD.ZG,2007,3.84430955287924
AUS,NY.GDP.MKTP.KD.ZG,2008,3.65791265061549
AUS,NY.GDP.MKTP.KD.ZG,2009,1.93692176952554
AUS,NY.GDP.MKTP.KD.ZG,2010,2.06746567730687
AUS,NY.GDP.MKTP.KD.ZG,2011,2.46278617259068
AUS,NY.GDP.MKTP.KD.ZG,2012,3.91816177220686
AUS,NY.GDP.MKTP.KD.ZG,2013,2.58487511083116
AUS,NY.GDP.MKTP.KD.ZG,2014,2.5331154467595
AUS,NY.GDP.MKTP.KD.ZG,2015,2.1926400283338
AUS,NY.GDP.MKTP.KD.ZG,2016,2.77065669252896
AUS,NY.GDP.MKTP.KD.ZG,2017,2.36761725296472
AUS,NY.GDP.MKTP.KD.ZG,2018,2.94033358170461
AUS,NY.GNP.PCAP.CD,1962,1870
AUS,NY.GNP.PCAP.CD,1963,1970
AUS,NY.GNP.PCAP.CD,1964,2100
AUS,NY.GNP.PCAP.CD,1965,2270
AUS,NY.GNP.PCAP.CD,1966,2340
AUS,NY.GNP.PCAP.CD,1967,2530
AUS,NY.GNP.PCAP.CD,1968,2730
AUS,NY.GNP.PCAP.CD,1969,2970
AUS,NY.GNP.PCAP.CD,1970,3270
AUS,NY.GNP.PCAP.CD,1971,3470
AUS,NY.GNP.PCAP.CD,1972,3880
AUS,NY.GNP.PCAP.CD,1973,4640
AUS,NY.GNP.PCAP.CD,1974,5940
AUS,NY.GNP.PCAP.CD,1975,7210
AUS,NY.GNP.PCAP.CD,1976,7850
AUS,NY.GNP.PCAP.CD,1977,8070
AUS,NY.GNP.PCAP.CD,1978,8460
AUS,NY.GNP.PCAP.CD,1979,9580
AUS,NY.GNP.PCAP.CD,1980,10810
AUS,NY.GNP.PCAP.CD,1981,11850
AUS,NY.GNP.PCAP.CD,1982,12060
AUS,NY.GNP.PCAP.CD,1983,11570
AUS,NY.GNP.PCAP.CD,1984,12010
AUS,NY.GNP.PCAP.CD,1985,11990
AUS,NY.GNP.PCAP.CD,1986,12280
AUS,NY.GNP.PCAP.CD,1987,12530
AUS,NY.GNP.PCAP.CD,1988,14100
AUS,NY.GNP.PCAP.CD,1989,15560
AUS,NY.GNP.PCAP.CD,1990,17300
AUS,NY.GNP.PCAP.CD,1991,18190
AUS,NY.GNP.PCAP.CD,1992,18500
AUS,NY.GNP.PCAP.CD,1993,18860
AUS,NY.GNP.PCAP.CD,1994,18830
AUS,NY.GNP.PCAP.CD,1995,19250
AUS,NY.GNP.PCAP.CD,1996,20440
AUS,NY.GNP.PCAP.CD,1997,21900
AUS,NY.GNP.PCAP.CD,1998,21740
AUS,NY.GNP.PCAP.CD,1999,21430
AUS,NY.GNP.PCAP.CD,2000,21120
AUS,NY.GNP.PCAP.CD,2001,20110
AUS,NY.GNP.PCAP.CD,2002,19990
AUS,NY.GNP.PCAP.CD,2003,21120
AUS,NY.GNP.PCAP.CD,2004,25480
AUS,NY.GNP.PCAP.CD,2005,30310
AUS,NY.GNP.PCAP.CD,2006,34090
AUS,NY.GNP.PCAP.CD,2007,37300
AUS,NY.GNP.PCAP.CD,2008,42330
AUS,NY.GNP.PCAP.CD,2009,44050
AUS,NY.GNP.PCAP.CD,2010,46630
AUS,NY.GNP.PCAP.CD,2011,50320
AUS,NY.GNP.PCAP.CD,2012,60210
AUS,NY.GNP.PCAP.CD,2013,66020
AUS,NY.GNP.PCAP.CD,2014,65150
AUS,NY.GNP.PCAP.CD,2015,60500
AUS,NY.GNP.PCAP.CD,2016,54140
AUS,NY.GNP.PCAP.CD,2017,51600
AUS,NY.GNP.PCAP.CD,2018,53230
AUS,SP.DYN.CDRT.IN,1960,8.6
AUS,SP.DYN.CDRT.IN,1961,8.5
AUS,SP.DYN.CDRT.IN,1962,8.7
AUS,SP.DYN.CDRT.IN,1963,8.7
AUS,SP.DYN.CDRT.IN,1964,9
AUS,SP.DYN.CDRT.IN,1965,8.8
AUS,SP.DYN.CDRT.IN,1966,8.9
AUS,SP.DYN.CDRT.IN,1967,8.7
AUS,SP.DYN.CDRT.IN,1968,9.1
AUS,SP.DYN.CDRT.IN,1969,8.7
AUS,SP.DYN.CDRT.IN,1970,9
AUS,SP.DYN.CDRT.IN,1971,8.6
AUS,SP.DYN.CDRT.IN,1972,8.3
AUS,SP.DYN.CDRT.IN,1973,8.3
AUS,SP.DYN.CDRT.IN,1974,8.4
AUS,SP.DYN.CDRT.IN,1975,7.8
AUS,SP.DYN.CDRT.IN,1976,8
AUS,SP.DYN.CDRT.IN,1977,7.6
AUS,SP.DYN.CDRT.IN,1978,7.5
AUS,SP.DYN.CDRT.IN,1979,7.3
AUS,SP.DYN.CDRT.IN,1980,7.3
AUS,SP.DYN.CDRT.IN,1981,7.3
AUS,SP.DYN.CDRT.IN,1982,7.5
AUS,SP.DYN.CDRT.IN,1983,7.3
AUS,SP.DYN.CDRT.IN,1984,7.1
AUS,SP.DYN.CDRT.IN,1985,6.6
AUS,SP.DYN.CDRT.IN,1986,7.3
AUS,SP.DYN.CDRT.IN,1987,7.5
AUS,SP.DYN.CDRT.IN,1988,7.2
AUS,SP.DYN.CDRT.IN,1989,7.3
AUS,SP.DYN.CDRT.IN,1990,7
AUS,SP.DYN.CDRT.IN,1991,6.9
AUS,SP.DYN.CDRT.IN,1992,7.1
AUS,SP.DYN.CDRT.IN,1993,6.9
AUS,SP.DYN.CDRT.IN,1994,7.1
AUS,SP.DYN.CDRT.IN,1995,6.9
AUS,SP.DYN.CDRT.IN,1996,7
AUS,SP.DYN.CDRT.IN,1997,7
AUS,SP.DYN.CDRT.IN,1998,6.8
AUS,SP.DYN.CDRT.IN,1999,6.8
AUS,SP.DYN.CDRT.IN,2000,6.7
AUS,SP.DYN.CDRT.IN,2001,6.6
AUS,SP.DYN.CDRT.IN,2002,6.8
AUS,SP.DYN.CDRT.IN,2003,6.6
AUS,SP.DYN.CDRT.IN,2004,6.5
AUS,SP.DYN.CDRT.IN,2005,6.4
AUS,SP.DYN.CDRT.IN,2006,6.4
AUS,SP.DYN.CDRT.IN,2007,6.7
AUS,SP.DYN.CDRT.IN,2008,6.7
AUS,SP.DYN.CDRT.IN,2009,6.5
AUS,SP.DYN.CDRT.IN,2010,6.5
AUS,SP.DYN.CDRT.IN,2011,6.6
AUS,SP.DYN.CDRT.IN,2012,6.6
AUS,SP.DYN.CDRT.IN,2013,6.4
AUS,SP.DYN.CDRT.IN,2014,6.6
AUS,SP.DYN.CDRT.IN,2015,6.6
AUS,SP.DYN.CDRT.IN,2016,6.6
AUS,SP.DYN.CDRT.IN,2017,6.5
AUS,SP.DYN.CBRT.IN,1960,22.4
AUS,SP.DYN.CBRT.IN,1961,22.9
AUS,SP.DYN.CBRT.IN,1962,22.1
AUS,SP.DYN.CBRT.IN,1963,21.5
AUS,SP.DYN.CBRT.IN,1964,20.5
AUS,SP.DYN.CBRT.IN,1965,19.6
AUS,SP.DYN.CBRT.IN,1966,19.8
AUS,SP.DYN.CBRT.IN,1967,19.4
AUS,SP.DYN.CBRT.IN,1968,20.1
AUS,SP.DYN.CBRT.IN,1969,20.4
AUS,SP.DYN.CBRT.IN,1970,20.6
AUS,SP.DYN.CBRT.IN,1971,21.4
AUS,SP.DYN.CBRT.IN,1972,20.1
AUS,SP.DYN.CBRT.IN,1973,18.5
AUS,SP.DYN.CBRT.IN,1974,17.8
AUS,SP.DYN.CBRT.IN,1975,16.7
AUS,SP.DYN.CBRT.IN,1976,16.2
AUS,SP.DYN.CBRT.IN,1977,15.9
AUS,SP.DYN.CBRT.IN,1978,15.6
AUS,SP.DYN.CBRT.IN,1979,15.3
AUS,SP.DYN.CBRT.IN,1980,15.3
AUS,SP.DYN.CBRT.IN,1981,15.7
AUS,SP.DYN.CBRT.IN,1982,15.8
AUS,SP.DYN.CBRT.IN,1983,15.8
AUS,SP.DYN.CBRT.IN,1984,15
AUS,SP.DYN.CBRT.IN,1985,15.7
AUS,SP.DYN.CBRT.IN,1986,15
AUS,SP.DYN.CBRT.IN,1987,15.4
AUS,SP.DYN.CBRT.IN,1988,14.9
AUS,SP.DYN.CBRT.IN,1989,14.9
AUS,SP.DYN.CBRT.IN,1990,15.4
AUS,SP.DYN.CBRT.IN,1991,14.9
AUS,SP.DYN.CBRT.IN,1992,15.1
AUS,SP.DYN.CBRT.IN,1993,14.7
AUS,SP.DYN.CBRT.IN,1994,14.5
AUS,SP.DYN.CBRT.IN,1995,14.2
AUS,SP.DYN.CBRT.IN,1996,13.9
AUS,SP.DYN.CBRT.IN,1997,13.6
AUS,SP.DYN.CBRT.IN,1998,13.3
AUS,SP.DYN.CBRT.IN,1999,13.1
AUS,SP.DYN.CBRT.IN,2000,13
AUS,SP.DYN.CBRT.IN,2001,12.7
AUS,SP.DYN.CBRT.IN,2002,12.8
AUS,SP.DYN.CBRT.IN,2003,12.6
AUS,SP.DYN.CBRT.IN,2004,12.3
AUS,SP.DYN.CBRT.IN,2005,12.8
AUS,SP.DYN.CBRT.IN,2006,12.9
AUS,SP.DYN.CBRT.IN,2007,14.1
AUS,SP.DYN.CBRT.IN,2008,14
AUS,SP.DYN.CBRT.IN,2009,13.9
AUS,SP.DYN.CBRT.IN,2010,13.7
AUS,SP.DYN.CBRT.IN,2011,13.6
AUS,SP.DYN.CBRT.IN,2012,13.7
AUS,SP.DYN.CBRT.IN,2013,13.3
AUS,SP.DYN.CBRT.IN,2014,13.2
AUS,SP.DYN.CBRT.IN,2015,12.9
AUS,SP.DYN.CBRT.IN,2016,12.9
AUS,SP.DYN.CBRT.IN,2017,12.4
AUS,SP.DYN.TFRT.IN,1960,3.453
AUS,SP.DYN.TFRT.IN,1961,3.54
AUS,SP.DYN.TFRT.IN,1962,3.442
AUS,SP.DYN.TFRT.IN,1963,3.332
AUS,SP.DYN.TFRT.IN,1964,3.146
AUS,SP.DYN.TFRT.IN,1965,2.977
AUS,SP.DYN.TFRT.IN,1966,2.881
AUS,SP.DYN.TFRT.IN,1967,2.848
AUS,SP.DYN.TFRT.IN,1968,2.888
AUS,SP.DYN.TFRT.IN,1969,2.886
AUS,SP.DYN.TFRT.IN,1970,2.859
AUS,SP.DYN.TFRT.IN,1971,2.961
AUS,SP.DYN.TFRT.IN,1972,2.744
AUS,SP.DYN.TFRT.IN,1973,2.491
AUS,SP.DYN.TFRT.IN,1974,2.397
AUS,SP.DYN.TFRT.IN,1975,2.148
AUS,SP.DYN.TFRT.IN,1976,2.06
AUS,SP.DYN.TFRT.IN,1977,2.007
AUS,SP.DYN.TFRT.IN,1978,1.949
AUS,SP.DYN.TFRT.IN,1979,1.907
AUS,SP.DYN.TFRT.IN,1980,1.891
AUS,SP.DYN.TFRT.IN,1981,1.935
AUS,SP.DYN.TFRT.IN,1982,1.929
AUS,SP.DYN.TFRT.IN,1983,1.924
AUS,SP.DYN.TFRT.IN,1984,1.84
AUS,SP.DYN.TFRT.IN,1985,1.923
AUS,SP.DYN.TFRT.IN,1986,1.868
AUS,SP.DYN.TFRT.IN,1987,1.845
AUS,SP.DYN.TFRT.IN,1988,1.831
AUS,SP.DYN.TFRT.IN,1989,1.838
AUS,SP.DYN.TFRT.IN,1990,1.902
AUS,SP.DYN.TFRT.IN,1991,1.849
AUS,SP.DYN.TFRT.IN,1992,1.888
AUS,SP.DYN.TFRT.IN,1993,1.859
AUS,SP.DYN.TFRT.IN,1994,1.842
AUS,SP.DYN.TFRT.IN,1995,1.822
AUS,SP.DYN.TFRT.IN,1996,1.796
AUS,SP.DYN.TFRT.IN,1997,1.778
AUS,SP.DYN.TFRT.IN,1998,1.762
AUS,SP.DYN.TFRT.IN,1999,1.755
AUS,SP.DYN.TFRT.IN,2000,1.756
AUS,SP.DYN.TFRT.IN,2001,1.739
AUS,SP.DYN.TFRT.IN,2002,1.756
AUS,SP.DYN.TFRT.IN,2003,1.748
AUS,SP.DYN.TFRT.IN,2004,1.768
AUS,SP.DYN.TFRT.IN,2005,1.807
AUS,SP.DYN.TFRT.IN,2006,1.908
AUS,SP.DYN.TFRT.IN,2007,1.959
AUS,SP.DYN.TFRT.IN,2008,1.984
AUS,SP.DYN.TFRT.IN,2009,1.971
AUS,SP.DYN.TFRT.IN,2010,1.928
AUS,SP.DYN.TFRT.IN,2011,1.926
AUS,SP.DYN.TFRT.IN,2012,1.92
AUS,SP.DYN.TFRT.IN,2013,1.855
AUS,SP.DYN.TFRT.IN,2014,1.826
AUS,SP.DYN.TFRT.IN,2015,1.814
AUS,SP.DYN.TFRT.IN,2016,1.752
AUS,SP.DYN.TFRT.IN,2017,1.765
AUS,SP.POP.0014.TO,1960,3101573
AUS,SP.POP.0014.TO,1961,3171575
AUS,SP.POP.0014.TO,1962,3240425
AUS,SP.POP.0014.TO,1963,3282439
AUS,SP.POP.0014.TO,1964,3325371
AUS,SP.POP.0014.TO,1965,3373205
AUS,SP.POP.0014.TO,1966,3437926
AUS,SP.POP.0014.TO,1967,3470716
AUS,SP.POP.0014.TO,1968,3525226
AUS,SP.POP.0014.TO,1969,3591359
AUS,SP.POP.0014.TO,1970,3646512
AUS,SP.POP.0014.TO,1971,3735708
AUS,SP.POP.0014.TO,1972,3768306
AUS,SP.POP.0014.TO,1973,3786824
AUS,SP.POP.0014.TO,1974,3836172
AUS,SP.POP.0014.TO,1975,3825230
AUS,SP.POP.0014.TO,1976,3822003
AUS,SP.POP.0014.TO,1977,3797908
AUS,SP.POP.0014.TO,1978,3762559
AUS,SP.POP.0014.TO,1979,3729878
AUS,SP.POP.0014.TO,1980,3717172
AUS,SP.POP.0014.TO,1981,3698624
AUS,SP.POP.0014.TO,1982,3710773
AUS,SP.POP.0014.TO,1983,3722821
AUS,SP.POP.0014.TO,1984,3725293
AUS,SP.POP.0014.TO,1985,3722489
AUS,SP.POP.0014.TO,1986,3749364
AUS,SP.POP.0014.TO,1987,3750096
AUS,SP.POP.0014.TO,1988,3745514
AUS,SP.POP.0014.TO,1989,3752667
AUS,SP.POP.0014.TO,1990,3769581
AUS,SP.POP.0014.TO,1991,3782297
AUS,SP.POP.0014.TO,1992,3811058
AUS,SP.POP.0014.TO,1993,3841441
AUS,SP.POP.0014.TO,1994,3871722
AUS,SP.POP.0014.TO,1995,3898194
AUS,SP.POP.0014.TO,1996,3932924
AUS,SP.POP.0014.TO,1997,3951986
AUS,SP.POP.0014.TO,1998,3963018
AUS,SP.POP.0014.TO,1999,3978969
AUS,SP.POP.0014.TO,2000,3999611
AUS,SP.POP.0014.TO,2001,4010103
AUS,SP.POP.0014.TO,2002,4015963
AUS,SP.POP.0014.TO,2003,4022831
AUS,SP.POP.0014.TO,2004,4027287
AUS,SP.POP.0014.TO,2005,4041179
AUS,SP.POP.0014.TO,2006,4054781
AUS,SP.POP.0014.TO,2007,4040682
AUS,SP.POP.0014.TO,2008,4092069
AUS,SP.POP.0014.TO,2009,4152405
AUS,SP.POP.0014.TO,2010,4193157
AUS,SP.POP.0014.TO,2011,4252616
AUS,SP.POP.0014.TO,2012,4316146
AUS,SP.POP.0014.TO,2013,4375969
AUS,SP.POP.0014.TO,2014,4432970
AUS,SP.POP.0014.TO,2015,4498208
AUS,SP.POP.0014.TO,2016,4584735
AUS,SP.POP.0014.TO,2017,4690354
AUS,SP.POP.0014.TO,2018,4796190
AUS,SP.POP.1564.TO,1960,6290036
AUS,SP.POP.1564.TO,1961,6406720
AUS,SP.POP.1564.TO,1962,6573431
AUS,SP.POP.1564.TO,1963,6721208
AUS,SP.POP.1564.TO,1964,6877350
AUS,SP.POP.1564.TO,1965,7033299
AUS,SP.POP.1564.TO,1966,7217682
AUS,SP.POP.1564.TO,1967,7329956
AUS,SP.POP.1564.TO,1968,7477608
AUS,SP.POP.1564.TO,1969,7653349
AUS,SP.POP.1564.TO,1970,7829425
AUS,SP.POP.1564.TO,1971,8121603
AUS,SP.POP.1564.TO,1972,8296302
AUS,SP.POP.1564.TO,1973,8450470
AUS,SP.POP.1564.TO,1974,8699412
AUS,SP.POP.1564.TO,1975,8847173
AUS,SP.POP.1564.TO,1976,8956780
AUS,SP.POP.1564.TO,1977,9100112
AUS,SP.POP.1564.TO,1978,9258956
AUS,SP.POP.1564.TO,1979,9407968
AUS,SP.POP.1564.TO,1980,9560902
AUS,SP.POP.1564.TO,1981,9768199
AUS,SP.POP.1564.TO,1982,9965458
AUS,SP.POP.1564.TO,1983,10111379
AUS,SP.POP.1564.TO,1984,10249472
AUS,SP.POP.1564.TO,1985,10421810
AUS,SP.POP.1564.TO,1986,10606571
AUS,SP.POP.1564.TO,1987,10798766
AUS,SP.POP.1564.TO,1988,11013521
AUS,SP.POP.1564.TO,1989,11229098
AUS,SP.POP.1564.TO,1990,11408332
AUS,SP.POP.1564.TO,1991,11556139
AUS,SP.POP.1564.TO,1992,11683359
AUS,SP.POP.1564.TO,1993,11777281
AUS,SP.POP.1564.TO,1994,11888253
AUS,SP.POP.1564.TO,1995,12030999
AUS,SP.POP.1564.TO,1996,12187018
AUS,SP.POP.1564.TO,1997,12331988
AUS,SP.POP.1564.TO,1998,12475819
AUS,SP.POP.1564.TO,1999,12632763
AUS,SP.POP.1564.TO,2000,12793036
AUS,SP.POP.1564.TO,2001,12992714
AUS,SP.POP.1564.TO,2002,13175884
AUS,SP.POP.1564.TO,2003,13360398
AUS,SP.POP.1564.TO,2004,13534758
AUS,SP.POP.1564.TO,2005,13728581
AUS,SP.POP.1564.TO,2006,13967584
AUS,SP.POP.1564.TO,2007,14083094
AUS,SP.POP.1564.TO,2008,14382253
AUS,SP.POP.1564.TO,2009,14679103
AUS,SP.POP.1564.TO,2010,14891504
AUS,SP.POP.1564.TO,2011,15042394
AUS,SP.POP.1564.TO,2012,15250481
AUS,SP.POP.1564.TO,2013,15455787
AUS,SP.POP.1564.TO,2014,15623408
AUS,SP.POP.1564.TO,2015,15780014
AUS,SP.POP.1564.TO,2016,15943398
AUS,SP.POP.1564.TO,2017,16121831
AUS,SP.POP.1564.TO,2018,16283255
AUS,SP.POP.65UP.TO,1960,884868
AUS,SP.POP.65UP.TO,1961,904704
AUS,SP.POP.65UP.TO,1962,928144
AUS,SP.POP.65UP.TO,1963,946353
AUS,SP.POP.65UP.TO,1964,964280
AUS,SP.POP.65UP.TO,1965,981496
AUS,SP.POP.65UP.TO,1966,995393
AUS,SP.POP.65UP.TO,1967,998328
AUS,SP.POP.65UP.TO,1968,1006166
AUS,SP.POP.65UP.TO,1969,1018293
AUS,SP.POP.65UP.TO,1970,1031064
AUS,SP.POP.65UP.TO,1971,1079689
AUS,SP.POP.65UP.TO,1972,1112392
AUS,SP.POP.65UP.TO,1973,1142706
AUS,SP.POP.65UP.TO,1974,1187416
AUS,SP.POP.65UP.TO,1975,1220598
AUS,SP.POP.65UP.TO,1976,1254217
AUS,SP.POP.65UP.TO,1977,1293980
AUS,SP.POP.65UP.TO,1978,1336486
AUS,SP.POP.65UP.TO,1979,1376153
AUS,SP.POP.65UP.TO,1980,1413926
AUS,SP.POP.65UP.TO,1981,1460177
AUS,SP.POP.65UP.TO,1982,1501769
AUS,SP.POP.65UP.TO,1983,1534800
AUS,SP.POP.65UP.TO,1984,1569235
AUS,SP.POP.65UP.TO,1985,1613701
AUS,SP.POP.65UP.TO,1986,1662464
AUS,SP.POP.65UP.TO,1987,1715038
AUS,SP.POP.65UP.TO,1988,1773165
AUS,SP.POP.65UP.TO,1989,1832635
AUS,SP.POP.65UP.TO,1990,1887187
AUS,SP.POP.65UP.TO,1991,1945565
AUS,SP.POP.65UP.TO,1992,2000583
AUS,SP.POP.65UP.TO,1993,2048277
AUS,SP.POP.65UP.TO,1994,2095025
AUS,SP.POP.65UP.TO,1995,2142807
AUS,SP.POP.65UP.TO,1996,2191058
AUS,SP.POP.65UP.TO,1997,2233026
AUS,SP.POP.65UP.TO,1998,2272163
AUS,SP.POP.65UP.TO,1999,2314268
AUS,SP.POP.65UP.TO,2000,2360353
AUS,SP.POP.65UP.TO,2001,2410183
AUS,SP.POP.65UP.TO,2002,2459554
AUS,SP.POP.65UP.TO,2003,2512170
AUS,SP.POP.65UP.TO,2004,2565354
AUS,SP.POP.65UP.TO,2005,2625040
AUS,SP.POP.65UP.TO,2006,2675535
AUS,SP.POP.65UP.TO,2007,2703824
AUS,SP.POP.65UP.TO,2008,2774878
AUS,SP.POP.65UP.TO,2009,2860193
AUS,SP.POP.65UP.TO,2010,2947089
AUS,SP.POP.65UP.TO,2011,3045014
AUS,SP.POP.65UP.TO,2012,3166837
AUS,SP.POP.65UP.TO,2013,3296373
AUS,SP.POP.65UP.TO,2014,3419308
AUS,SP.POP.65UP.TO,2015,3537773
AUS,SP.POP.65UP.TO,2016,3662774
AUS,SP.POP.65UP.TO,2017,3789676
AUS,SP.POP.65UP.TO,2018,3912924
FRA,SP.POP.TOTL,1960,46621669
FRA,SP.POP.TOTL,1961,47240543
FRA,SP.POP.TOTL,1962,47904877
FRA,SP.POP.TOTL,1963,48582611
FRA,SP.POP.TOTL,1964,49230595
FRA,SP.POP.TOTL,1965,49818028
FRA,SP.POP.TOTL,1966,50330262
FRA,SP.POP.TOTL,1967,50775794
FRA,SP.POP.TOTL,1968,51175508
FRA,SP.POP.TOTL,1969,51561836
FRA,SP.POP.TOTL,1970,51957738
FRA,SP.POP.TOTL,1971,52371342
FRA,SP.POP.TOTL,1972,52793138
FRA,SP.POP.TOTL,1973,53207734
FRA,SP.POP.TOTL,1974,53592233
FRA,SP.POP.TOTL,1975,53931390
FRA,SP.POP.TOTL,1976,54220022
FRA,SP.POP.TOTL,1977,54467702
FRA,SP.POP.TOTL,1978,54691851
FRA,SP.POP.TOTL,1979,54917118
FRA,SP.POP.TOTL,1980,55161527
FRA,SP.POP.TOTL,1981,55430296
FRA,SP.POP.TOTL,1982,55718933
FRA,SP.POP.TOTL,1983,56023770
FRA,SP.POP.TOTL,1984,56337666
FRA,SP.POP.TOTL,1985,56654696
FRA,SP.POP.TOTL,1986,56976123
FRA,SP.POP.TOTL,1987,57302663
FRA,SP.POP.TOTL,1988,57627105
FRA,SP.POP.TOTL,1989,57940212
FRA,SP.POP.TOTL,1990,58235697
FRA,SP.POP.TOTL,1991,58559311
FRA,SP.POP.TOTL,1992,58851217
FRA,SP.POP.TOTL,1993,59106768
FRA,SP.POP.TOTL,1994,59327192
FRA,SP.POP.TOTL,1995,59541899
FRA,SP.POP.TOTL,1996,59753100
FRA,SP.POP.TOTL,1997,59964851
FRA,SP.POP.TOTL,1998,60186288
FRA,SP.POP.TOTL,1999,60496718
FRA,SP.POP.TOTL,2000,60912500
FRA,SP.POP.TOTL,2001,61357430
FRA,SP.POP.TOTL,2002,61805267
FRA,SP.POP.TOTL,2003,62244886
FRA,SP.POP.TOTL,2004,62704895
FRA,SP.POP.TOTL,2005,63179351
FRA,SP.POP.TOTL,2006,63621381
FRA,SP.POP.TOTL,2007,64016225
FRA,SP.POP.TOTL,2008,64374984
FRA,SP.POP.TOTL,2009,64707040
FRA,SP.POP.TOTL,2010,65027507
FRA,SP.POP.TOTL,2011,65342780
FRA,SP.POP.TOTL,2012,65659809
FRA,SP.POP.TOTL,2013,65998687
FRA,SP.POP.TOTL,2014,66316100
FRA,SP.POP.TOTL,2015,66593366
FRA,SP.POP.TOTL,2016,66859768
FRA,SP.POP.TOTL,2017,66865144
FRA,SP.POP.TOTL,2018,66987244
FRA,SP.DYN.LE00.IN,1960,69.8682926829268
FRA,SP.DYN.LE00.IN,1961,70.1170731707317
FRA,SP.DYN.LE00.IN,1962,70.3146341463415
FRA,SP.DYN.LE00.IN,1963,70.5146341463415
FRA,SP.DYN.LE00.IN,1964,70.6634146341463
FRA,SP.DYN.LE00.IN,1965,70.8121951219512
FRA,SP.DYN.LE00.IN,1966,70.9609756097561
FRA,SP.DYN.LE00.IN,1967,71.1609756097561
FRA,SP.DYN.LE00.IN,1968,71.309756097561
FRA,SP.DYN.LE00.IN,1969,71.4585365853659
FRA,SP.DYN.LE00.IN,1970,71.6585365853659
FRA,SP.DYN.LE00.IN,1971,71.9073170731707
FRA,SP.DYN.LE00.IN,1972,72.1073170731707
FRA,SP.DYN.LE00.IN,1973,72.3560975609756
FRA,SP.DYN.LE00.IN,1974,72.6048780487805
FRA,SP.DYN.LE00.IN,1975,72.8536585365854
FRA,SP.DYN.LE00.IN,1976,73.1024390243903
FRA,SP.DYN.LE00.IN,1977,73.3512195121951
FRA,SP.DYN.LE00.IN,1978,73.6024390243903
FRA,SP.DYN.LE00.IN,1979,73.8512195121951
FRA,SP.DYN.LE00.IN,1980,74.0512195121951
FRA,SP.DYN.LE00.IN,1981,74.3
FRA,SP.DYN.LE00.IN,1982,74.5
FRA,SP.DYN.LE00.IN,1983,74.8
FRA,SP.DYN.LE00.IN,1984,75
FRA,SP.DYN.LE00.IN,1985,75.3
FRA,SP.DYN.LE00.IN,1986,75.6
FRA,SP.DYN.LE00.IN,1987,75.8
FRA,SP.DYN.LE00.IN,1988,76.1
FRA,SP.DYN.LE00.IN,1989,76.3487804878049
FRA,SP.DYN.LE00.IN,1990,76.6
FRA,SP.DYN.LE00.IN,1991,76.8487804878049
FRA,SP.DYN.LE00.IN,1992,77.1
FRA,SP.DYN.LE00.IN,1993,77.3
FRA,SP.DYN.LE00.IN,1994,77.6487804878049
FRA,SP.DYN.LE00.IN,1995,77.7512195121951
FRA,SP.DYN.LE00.IN,1996,77.9536585365854
FRA,SP.DYN.LE00.IN,1997,78.3048780487805
FRA,SP.DYN.LE00.IN,1998,78.6048780487805
FRA,SP.DYN.LE00.IN,1999,78.7560975609756
FRA,SP.DYN.LE00.IN,2000,79.0560975609756
FRA,SP.DYN.LE00.IN,2001,79.1585365853659
FRA,SP.DYN.LE00.IN,2002,79.2609756097561
FRA,SP.DYN.LE00.IN,2003,79.1146341463415
FRA,SP.DYN.LE00.IN,2004,80.1634146341463
FRA,SP.DYN.LE00.IN,2005,80.1634146341463
FRA,SP.DYN.LE00.IN,2006,80.8121951219512
FRA,SP.DYN.LE00.IN,2007,81.1121951219512
FRA,SP.DYN.LE00.IN,2008,81.2146341463415
FRA,SP.DYN.LE00.IN,2009,81.4146341463415
FRA,SP.DYN.LE00.IN,2010,81.6634146341463
FRA,SP.DYN.LE00.IN,2011,82.1146341463415
FRA,SP.DYN.LE00.IN,2012,81.9682926829268
FRA,SP.DYN.LE00.IN,2013,82.219512195122
FRA,SP.DYN.LE00.IN,2014,82.6707317073171
FRA,SP.DYN.LE00.IN,2015,82.3219512195122
FRA,SP.DYN.LE00.IN,2016,82.5243902439024
FRA,SP.DYN.LE00.IN,2017,82.5243902439024
FRA,NY.GDP.MKTP.KD.ZG,1961,4.9801118491384
FRA,NY.GDP.MKTP.KD.ZG,1962,6.84346998523586
FRA,NY.GDP.MKTP.KD.ZG,1963,6.23367995209179
FRA,NY.GDP.MKTP.KD.ZG,1964,6.65209950760072
FRA,NY.GDP.MKTP.KD.ZG,1965,4.86150769580638
FRA,NY.GDP.MKTP.KD.ZG,1966,5.25183704566086
FRA,NY.GDP.MKTP.KD.ZG,1967,4.92114891528463
FRA,NY.GDP.MKTP.KD.ZG,1968,4.49130888579006
FRA,NY.GDP.MKTP.KD.ZG,1969,7.10947534485236
FRA,NY.GDP.MKTP.KD.ZG,1970,6.10867981285152
FRA,NY.GDP.MKTP.KD.ZG,1971,5.31671587251364
FRA,NY.GDP.MKTP.KD.ZG,1972,4.51137408907431
FRA,NY.GDP.MKTP.KD.ZG,1973,6.34458067188865
FRA,NY.GDP.MKTP.KD.ZG,1974,4.30091904761063
FRA,NY.GDP.MKTP.KD.ZG,1975,-0.959884686823102
FRA,NY.GDP.MKTP.KD.ZG,1976,4.356758932559
FRA,NY.GDP.MKTP.KD.ZG,1977,3.4643119450146
FRA,NY.GDP.MKTP.KD.ZG,1978,3.97854375109866
FRA,NY.GDP.MKTP.KD.ZG,1979,3.54998914739832
FRA,NY.GDP.MKTP.KD.ZG,1980,1.57874527724138
FRA,NY.GDP.MKTP.KD.ZG,1981,1.0690198298218
FRA,NY.GDP.MKTP.KD.ZG,1982,2.50539658239308
FRA,NY.GDP.MKTP.KD.ZG,1983,1.24086490360438
FRA,NY.GDP.MKTP.KD.ZG,1984,1.51372157065492
FRA,NY.GDP.MKTP.KD.ZG,1985,1.62278135138969
FRA,NY.GDP.MKTP.KD.ZG,1986,2.337276389968
FRA,NY.GDP.MKTP.KD.ZG,1987,2.56190031118551
FRA,NY.GDP.MKTP.KD.ZG,1988,4.7431421792504
FRA,NY.GDP.MKTP.KD.ZG,1989,4.34386106392253
FRA,NY.GDP.MKTP.KD.ZG,1990,2.9239351370326
FRA,NY.GDP.MKTP.KD.ZG,1991,1.04817582672602
FRA,NY.GDP.MKTP.KD.ZG,1992,1.59934268998583
FRA,NY.GDP.MKTP.KD.ZG,1993,-0.62866637130098
FRA,NY.GDP.MKTP.KD.ZG,1994,2.35834220730796
FRA,NY.GDP.MKTP.KD.ZG,1995,2.10669523353155
FRA,NY.GDP.MKTP.KD.ZG,1996,1.41299368494035
FRA,NY.GDP.MKTP.KD.ZG,1997,2.33629649806078
FRA,NY.GDP.MKTP.KD.ZG,1998,3.58865943785973
FRA,NY.GDP.MKTP.KD.ZG,1999,3.42137381630556
FRA,NY.GDP.MKTP.KD.ZG,2000,3.92366920384049
FRA,NY.GDP.MKTP.KD.ZG,2001,1.98372140247594
FRA,NY.GDP.MKTP.KD.ZG,2002,1.13553148770353
FRA,NY.GDP.MKTP.KD.ZG,2003,0.823160777839419
FRA,NY.GDP.MKTP.KD.ZG,2004,2.82975292855139
FRA,NY.GDP.MKTP.KD.ZG,2005,1.66322000049641
FRA,NY.GDP.MKTP.KD.ZG,2006,2.44932360050809
FRA,NY.GDP.MKTP.KD.ZG,2007,2.42473623791508
FRA,NY.GDP.MKTP.KD.ZG,2008,0.254945945817809
FRA,NY.GDP.MKTP.KD.ZG,2009,-2.87331385206255
FRA,NY.GDP.MKTP.KD.ZG,2010,1.94943763326869
FRA,NY.GDP.MKTP.KD.ZG,2011,2.1927006520261
FRA,NY.GDP.MKTP.KD.ZG,2012,0.313134741678468
FRA,NY.GDP.MKTP.KD.ZG,2013,0.576326679441848
FRA,NY.GDP.MKTP.KD.ZG,2014,0.956183047683851
FRA,NY.GDP.MKTP.KD.ZG,2015,1.1129123405747
FRA,NY.GDP.MKTP.KD.ZG,2016,1.09546439462306
FRA,NY.GDP.MKTP.KD.ZG,2017,2.26020272081131
FRA,NY.GDP.MKTP.KD.ZG,2018,1.72488062714211
FRA,NY.GNP.PCAP.CD,1962,1550
FRA,NY.GNP.PCAP.CD,1963,1700
FRA,NY.GNP.PCAP.CD,1964,1870
FRA,NY.GNP.PCAP.CD,1965,2030
FRA,NY.GNP.PCAP.CD,1966,2200
FRA,NY.GNP.PCAP.CD,1967,2360
FRA,NY.GNP.PCAP.CD,1968,2560
FRA,NY.GNP.PCAP.CD,1969,2820
FRA,NY.GNP.PCAP.CD,1970,3020
FRA,NY.GNP.PCAP.CD,1971,3250
FRA,NY.GNP.PCAP.CD,1972,3670
FRA,NY.GNP.PCAP.CD,1973,4690
FRA,NY.GNP.PCAP.CD,1974,5790
FRA,NY.GNP.PCAP.CD,1975,6720
FRA,NY.GNP.PCAP.CD,1976,7140
FRA,NY.GNP.PCAP.CD,1977,7810
FRA,NY.GNP.PCAP.CD,1978,8830
FRA,NY.GNP.PCAP.CD,1979,10820
FRA,NY.GNP.PCAP.CD,1980,13080
FRA,NY.GNP.PCAP.CD,1981,13190
FRA,NY.GNP.PCAP.CD,1982,12040
FRA,NY.GNP.PCAP.CD,1983,10450
FRA,NY.GNP.PCAP.CD,1984,9820
FRA,NY.GNP.PCAP.CD,1985,9770
FRA,NY.GNP.PCAP.CD,1986,11330
FRA,NY.GNP.PCAP.CD,1987,14460
FRA,NY.GNP.PCAP.CD,1988,18520
FRA,NY.GNP.PCAP.CD,1989,19490
FRA,NY.GNP.PCAP.CD,1990,20640
FRA,NY.GNP.PCAP.CD,1991,21420
FRA,NY.GNP.PCAP.CD,1992,23840
FRA,NY.GNP.PCAP.CD,1993,23580
FRA,NY.GNP.PCAP.CD,1994,24380
FRA,NY.GNP.PCAP.CD,1995,25740
FRA,NY.GNP.PCAP.CD,1996,27110
FRA,NY.GNP.PCAP.CD,1997,26930
FRA,NY.GNP.PCAP.CD,1998,25830
FRA,NY.GNP.PCAP.CD,1999,25420
FRA,NY.GNP.PCAP.CD,2000,24970
FRA,NY.GNP.PCAP.CD,2001,23840
FRA,NY.GNP.PCAP.CD,2002,23090
FRA,NY.GNP.PCAP.CD,2003,25930
FRA,NY.GNP.PCAP.CD,2004,31360
FRA,NY.GNP.PCAP.CD,2005,35870
FRA,NY.GNP.PCAP.CD,2006,37850
FRA,NY.GNP.PCAP.CD,2007,40130
FRA,NY.GNP.PCAP.CD,2008,43460
FRA,NY.GNP.PCAP.CD,2009,43930
FRA,NY.GNP.PCAP.CD,2010,43850
FRA,NY.GNP.PCAP.CD,2011,44350
FRA,NY.GNP.PCAP.CD,2012,43380
FRA,NY.GNP.PCAP.CD,2013,43780
FRA,NY.GNP.PCAP.CD,2014,43320
FRA,NY.GNP.PCAP.CD,2015,41080
FRA,NY.GNP.PCAP.CD,2016,38990
FRA,NY.GNP.PCAP.CD,2017,38330
FRA,NY.GNP.PCAP.CD,2018,41080
FRA,SP.DYN.CDRT.IN,1960,11.4
FRA,SP.DYN.CDRT.IN,1961,11.3
FRA,SP.DYN.CDRT.IN,1962,11.2
FRA,SP.DYN.CDRT.IN,1963,11.1
FRA,SP.DYN.CDRT.IN,1964,11.1
FRA,SP.DYN.CDRT.IN,1965,11.1
FRA,SP.DYN.CDRT.IN,1966,11
FRA,SP.DYN.CDRT.IN,1967,11
FRA,SP.DYN.CDRT.IN,1968,10.9
FRA,SP.DYN.CDRT.IN,1969,10.9
FRA,SP.DYN.CDRT.IN,1970,10.8
FRA,SP.DYN.CDRT.IN,1971,10.8
FRA,SP.DYN.CDRT.IN,1972,10.7
FRA,SP.DYN.CDRT.IN,1973,10.6
FRA,SP.DYN.CDRT.IN,1974,10.5
FRA,SP.DYN.CDRT.IN,1975,10.4
FRA,SP.DYN.CDRT.IN,1976,10.4
FRA,SP.DYN.CDRT.IN,1977,10.3
FRA,SP.DYN.CDRT.IN,1978,10.2
FRA,SP.DYN.CDRT.IN,1979,10.2
FRA,SP.DYN.CDRT.IN,1980,10.2
FRA,SP.DYN.CDRT.IN,1981,10.1
FRA,SP.DYN.CDRT.IN,1982,10
FRA,SP.DYN.CDRT.IN,1983,10
FRA,SP.DYN.CDRT.IN,1984,9.9
FRA,SP.DYN.CDRT.IN,1985,9.8
FRA,SP.DYN.CDRT.IN,1986,9.7
FRA,SP.DYN.CDRT.IN,1987,9.6
FRA,SP.DYN.CDRT.IN,1988,9.5
FRA,SP.DYN.CDRT.IN,1989,9.4
FRA,SP.DYN.CDRT.IN,1990,9.3
FRA,SP.DYN.CDRT.IN,1991,9.2
FRA,SP.DYN.CDRT.IN,1992,9.2
FRA,SP.DYN.CDRT.IN,1993,9.2
FRA,SP.DYN.CDRT.IN,1994,9.1
FRA,SP.DYN.CDRT.IN,1995,9.1
FRA,SP.DYN.CDRT.IN,1996,9.1
FRA,SP.DYN.CDRT.IN,1997,9.1
FRA,SP.DYN.CDRT.IN,1998,9.1
FRA,SP.DYN.CDRT.IN,1999,9.1
FRA,SP.DYN.CDRT.IN,2000,8.9
FRA,SP.DYN.CDRT.IN,2001,8.8
FRA,SP.DYN.CDRT.IN,2002,8.8
FRA,SP.DYN.CDRT.IN,2003,9.1
FRA,SP.DYN.CDRT.IN,2004,8.3
FRA,SP.DYN.CDRT.IN,2005,8.5
FRA,SP.DYN.CDRT.IN,2006,8.3
FRA,SP.DYN.CDRT.IN,2007,8.3
FRA,SP.DYN.CDRT.IN,2008,8.5
FRA,SP.DYN.CDRT.IN,2009,8.5
FRA,SP.DYN.CDRT.IN,2010,8.5
FRA,SP.DYN.CDRT.IN,2011,8.4
FRA,SP.DYN.CDRT.IN,2012,8.7
FRA,SP.DYN.CDRT.IN,2013,8.7
FRA,SP.DYN.CDRT.IN,2014,8.5
FRA,SP.DYN.CDRT.IN,2015,8.9
FRA,SP.DYN.CDRT.IN,2016,8.9
FRA,SP.DYN.CDRT.IN,2017,9
FRA,SP.DYN.CBRT.IN,1960,18.7
FRA,SP.DYN.CBRT.IN,1961,18.7
FRA,SP.DYN.CBRT.IN,1962,18.6
FRA,SP.DYN.CBRT.IN,1963,18.5
FRA,SP.DYN.CBRT.IN,1964,18.4
FRA,SP.DYN.CBRT.IN,1965,18.2
FRA,SP.DYN.CBRT.IN,1966,18
FRA,SP.DYN.CBRT.IN,1967,17.7
FRA,SP.DYN.CBRT.IN,1968,17.5
FRA,SP.DYN.CBRT.IN,1969,17.3
FRA,SP.DYN.CBRT.IN,1970,17
FRA,SP.DYN.CBRT.IN,1971,16.7
FRA,SP.DYN.CBRT.IN,1972,16.3
FRA,SP.DYN.CBRT.IN,1973,15.9
FRA,SP.DYN.CBRT.IN,1974,15.5
FRA,SP.DYN.CBRT.IN,1975,15
FRA,SP.DYN.CBRT.IN,1976,14.6
FRA,SP.DYN.CBRT.IN,1977,14.3
FRA,SP.DYN.CBRT.IN,1978,14.1
FRA,SP.DYN.CBRT.IN,1979,14
FRA,SP.DYN.CBRT.IN,1980,14
FRA,SP.DYN.CBRT.IN,1981,14.1
FRA,SP.DYN.CBRT.IN,1982,14.2
FRA,SP.DYN.CBRT.IN,1983,14.2
FRA,SP.DYN.CBRT.IN,1984,14.3
FRA,SP.DYN.CBRT.IN,1985,14.2
FRA,SP.DYN.CBRT.IN,1986,14.1
FRA,SP.DYN.CBRT.IN,1987,14
FRA,SP.DYN.CBRT.IN,1988,13.8
FRA,SP.DYN.CBRT.IN,1989,13.6
FRA,SP.DYN.CBRT.IN,1990,13.4
FRA,SP.DYN.CBRT.IN,1991,13.2
FRA,SP.DYN.CBRT.IN,1992,13.1
FRA,SP.DYN.CBRT.IN,1993,13
FRA,SP.DYN.CBRT.IN,1994,12.5
FRA,SP.DYN.CBRT.IN,1995,12.8
FRA,SP.DYN.CBRT.IN,1996,12.8
FRA,SP.DYN.CBRT.IN,1997,12.7
FRA,SP.DYN.CBRT.IN,1998,12.8
FRA,SP.DYN.CBRT.IN,1999,12.9
FRA,SP.DYN.CBRT.IN,2000,13.3
FRA,SP.DYN.CBRT.IN,2001,13.1
FRA,SP.DYN.CBRT.IN,2002,12.9
FRA,SP.DYN.CBRT.IN,2003,12.8
FRA,SP.DYN.CBRT.IN,2004,12.8
FRA,SP.DYN.CBRT.IN,2005,12.8
FRA,SP.DYN.CBRT.IN,2006,13.1
FRA,SP.DYN.CBRT.IN,2007,12.8
FRA,SP.DYN.CBRT.IN,2008,12.9
FRA,SP.DYN.CBRT.IN,2009,12.8
FRA,SP.DYN.CBRT.IN,2010,12.9
FRA,SP.DYN.CBRT.IN,2011,12.7
FRA,SP.DYN.CBRT.IN,2012,12.6
FRA,SP.DYN.CBRT.IN,2013,12.4
FRA,SP.DYN.CBRT.IN,2014,12.4
FRA,SP.DYN.CBRT.IN,2015,12
FRA,SP.DYN.CBRT.IN,2016,11.7
FRA,SP.DYN.CBRT.IN,2017,11.4
FRA,SP.DYN.TFRT.IN,1960,2.85
FRA,SP.DYN.TFRT.IN,1961,2.87
FRA,SP.DYN.TFRT.IN,1962,2.89
FRA,SP.DYN.TFRT.IN,1963,2.89
FRA,SP.DYN.TFRT.IN,1964,2.87
FRA,SP.DYN.TFRT.IN,1965,2.84
FRA,SP.DYN.TFRT.IN,1966,2.8
FRA,SP.DYN.TFRT.IN,1967,2.75
FRA,SP.DYN.TFRT.IN,1968,2.69
FRA,SP.DYN.TFRT.IN,1969,2.62
FRA,SP.DYN.TFRT.IN,1970,2.55
FRA,SP.DYN.TFRT.IN,1971,2.47
FRA,SP.DYN.TFRT.IN,1972,2.38
FRA,SP.DYN.TFRT.IN,1973,2.28
FRA,SP.DYN.TFRT.IN,1974,2.18
FRA,SP.DYN.TFRT.IN,1975,2.09
FRA,SP.DYN.TFRT.IN,1976,2.01
FRA,SP.DYN.TFRT.IN,1977,1.94
FRA,SP.DYN.TFRT.IN,1978,1.89
FRA,SP.DYN.TFRT.IN,1979,1.87
FRA,SP.DYN.TFRT.IN,1980,1.85
FRA,SP.DYN.TFRT.IN,1981,1.85
FRA,SP.DYN.TFRT.IN,1982,1.86
FRA,SP.DYN.TFRT.IN,1983,1.86
FRA,SP.DYN.TFRT.IN,1984,1.86
FRA,SP.DYN.TFRT.IN,1985,1.86
FRA,SP.DYN.TFRT.IN,1986,1.85
FRA,SP.DYN.TFRT.IN,1987,1.83
FRA,SP.DYN.TFRT.IN,1988,1.81
FRA,SP.DYN.TFRT.IN,1989,1.79
FRA,SP.DYN.TFRT.IN,1990,1.77
FRA,SP.DYN.TFRT.IN,1991,1.75
FRA,SP.DYN.TFRT.IN,1992,1.74
FRA,SP.DYN.TFRT.IN,1993,1.73
FRA,SP.DYN.TFRT.IN,1994,1.73
FRA,SP.DYN.TFRT.IN,1995,1.74
FRA,SP.DYN.TFRT.IN,1996,1.75
FRA,SP.DYN.TFRT.IN,1997,1.77
FRA,SP.DYN.TFRT.IN,1998,1.78
FRA,SP.DYN.TFRT.IN,1999,1.81
FRA,SP.DYN.TFRT.IN,2000,1.89
FRA,SP.DYN.TFRT.IN,2001,1.9
FRA,SP.DYN.TFRT.IN,2002,1.88
FRA,SP.DYN.TFRT.IN,2003,1.89
FRA,SP.DYN.TFRT.IN,2004,1.92
FRA,SP.DYN.TFRT.IN,2005,1.94
FRA,SP.DYN.TFRT.IN,2006,2
FRA,SP.DYN.TFRT.IN,2007,1.98
FRA,SP.DYN.TFRT.IN,2008,2.01
FRA,SP.DYN.TFRT.IN,2009,2
FRA,SP.DYN.TFRT.IN,2010,2.03
FRA,SP.DYN.TFRT.IN,2011,2.01
FRA,SP.DYN.TFRT.IN,2012,2.01
FRA,SP.DYN.TFRT.IN,2013,1.99
FRA,SP.DYN.TFRT.IN,2014,2.01
FRA,SP.DYN.TFRT.IN,2015,1.96
FRA,SP.DYN.TFRT.IN,2016,1.92
FRA,SP.DYN.TFRT.IN,2017,1.92
FRA,SP.POP.0014.TO,1960,12290068
FRA,SP.POP.0014.TO,1961,12506013
FRA,SP.POP.0014.TO,1962,12632438
FRA,SP.POP.0014.TO,1963,12686263
FRA,SP.POP.0014.TO,1964,12715051
FRA,SP.POP.0014.TO,1965,12742608
FRA,SP.POP.0014.TO,1966,12801230
FRA,SP.POP.0014.TO,1967,12831350
FRA,SP.POP.0014.TO,1968,12849188
FRA,SP.POP.0014.TO,1969,12867690
FRA,SP.POP.0014.TO,1970,12893407
FRA,SP.POP.0014.TO,1971,12912229
FRA,SP.POP.0014.TO,1972,12953957
FRA,SP.POP.0014.TO,1973,12996982
FRA,SP.POP.0014.TO,1974,13004307
FRA,SP.POP.0014.TO,1975,12954947
FRA,SP.POP.0014.TO,1976,12907528
FRA,SP.POP.0014.TO,1977,12789368
FRA,SP.POP.0014.TO,1978,12629160
FRA,SP.POP.0014.TO,1979,12478393
FRA,SP.POP.0014.TO,1980,12367154
FRA,SP.POP.0014.TO,1981,12219937
FRA,SP.POP.0014.TO,1982,12152419
FRA,SP.POP.0014.TO,1983,12128763
FRA,SP.POP.0014.TO,1984,12091956
FRA,SP.POP.0014.TO,1985,12016009
FRA,SP.POP.0014.TO,1986,12007218
FRA,SP.POP.0014.TO,1987,11930951
FRA,SP.POP.0014.TO,1988,11822440
FRA,SP.POP.0014.TO,1989,11736214
FRA,SP.POP.0014.TO,1990,11694424
FRA,SP.POP.0014.TO,1991,11648233
FRA,SP.POP.0014.TO,1992,11643715
FRA,SP.POP.0014.TO,1993,11660900
FRA,SP.POP.0014.TO,1994,11665259
FRA,SP.POP.0014.TO,1995,11646006
FRA,SP.POP.0014.TO,1996,11616047
FRA,SP.POP.0014.TO,1997,11582790
FRA,SP.POP.0014.TO,1998,11544253
FRA,SP.POP.0014.TO,1999,11519631
FRA,SP.POP.0014.TO,2000,11516741
FRA,SP.POP.0014.TO,2001,11560114
FRA,SP.POP.0014.TO,2002,11589483
FRA,SP.POP.0014.TO,2003,11611206
FRA,SP.POP.0014.TO,2004,11641681
FRA,SP.POP.0014.TO,2005,11684235
FRA,SP.POP.0014.TO,2006,11757021
FRA,SP.POP.0014.TO,2007,11830508
FRA,SP.POP.0014.TO,2008,11902096
FRA,SP.POP.0014.TO,2009,11964879
FRA,SP.POP.0014.TO,2010,12015681
FRA,SP.POP.0014.TO,2011,12080460
FRA,SP.POP.0014.TO,2012,12138462
FRA,SP.POP.0014.TO,2013,12188810
FRA,SP.POP.0014.TO,2014,12218909
FRA,SP.POP.0014.TO,2015,12221489
FRA,SP.POP.0014.TO,2016,12198919
FRA,SP.POP.0014.TO,2017,12109162
FRA,SP.POP.0014.TO,2018,12028541
FRA,SP.POP.1564.TO,1960,28899677
FRA,SP.POP.1564.TO,1961,29197270
FRA,SP.POP.1564.TO,1962,29618271
FRA,SP.POP.1564.TO,1963,30116726
FRA,SP.POP.1564.TO,1964,30609253
FRA,SP.POP.1564.TO,1965,31045314
FRA,SP.POP.1564.TO,1966,31352724
FRA,SP.POP.1564.TO,1967,31629373
FRA,SP.POP.1564.TO,1968,31881112
FRA,SP.POP.1564.TO,1969,32127843
FRA,SP.POP.1564.TO,1970,32385285
FRA,SP.POP.1564.TO,1971,32637157
FRA,SP.POP.1564.TO,1972,32891142
FRA,SP.POP.1564.TO,1973,33150171
FRA,SP.POP.1564.TO,1974,33422769
FRA,SP.POP.1564.TO,1975,33712734
FRA,SP.POP.1564.TO,1976,33922691
FRA,SP.POP.1564.TO,1977,34161062
FRA,SP.POP.1564.TO,1978,34436452
FRA,SP.POP.1564.TO,1979,34754495
FRA,SP.POP.1564.TO,1980,35117967
FRA,SP.POP.1564.TO,1981,35564430
FRA,SP.POP.1564.TO,1982,36022996
FRA,SP.POP.1564.TO,1983,36479086
FRA,SP.POP.1564.TO,1984,36914804
FRA,SP.POP.1564.TO,1985,37312822
FRA,SP.POP.1564.TO,1986,37554316
FRA,SP.POP.1564.TO,1987,37793565
FRA,SP.POP.1564.TO,1988,38017782
FRA,SP.POP.1564.TO,1989,38209793
FRA,SP.POP.1564.TO,1990,38367296
FRA,SP.POP.1564.TO,1991,38528786
FRA,SP.POP.1564.TO,1992,38644026
FRA,SP.POP.1564.TO,1993,38722754
FRA,SP.POP.1564.TO,1994,38788054
FRA,SP.POP.1564.TO,1995,38869169
FRA,SP.POP.1564.TO,1996,38950892
FRA,SP.POP.1564.TO,1997,39044280
FRA,SP.POP.1564.TO,1998,39159744
FRA,SP.POP.1564.TO,1999,39347712
FRA,SP.POP.1564.TO,2000,39614814
FRA,SP.POP.1564.TO,2001,39876233
FRA,SP.POP.1564.TO,2002,40159945
FRA,SP.POP.1564.TO,2003,40452228
FRA,SP.POP.1564.TO,2004,40764786
FRA,SP.POP.1564.TO,2005,41088277
FRA,SP.POP.1564.TO,2006,41357728
FRA,SP.POP.1564.TO,2007,41605999
FRA,SP.POP.1564.TO,2008,41819125
FRA,SP.POP.1564.TO,2009,41971520
FRA,SP.POP.1564.TO,2010,42053370
FRA,SP.POP.1564.TO,2011,42065649
FRA,SP.POP.1564.TO,2012,42019757
FRA,SP.POP.1564.TO,2013,41950713
FRA,SP.POP.1564.TO,2014,41871250
FRA,SP.POP.1564.TO,2015,41798307
FRA,SP.POP.1564.TO,2016,41767527
FRA,SP.POP.1564.TO,2017,41604279
FRA,SP.POP.1564.TO,2018,41538060
FRA,SP.POP.65UP.TO,1960,5431924
FRA,SP.POP.65UP.TO,1961,5537260
FRA,SP.POP.65UP.TO,1962,5654168
FRA,SP.POP.65UP.TO,1963,5779621
FRA,SP.POP.65UP.TO,1964,5906291
FRA,SP.POP.65UP.TO,1965,6030106
FRA,SP.POP.65UP.TO,1966,6176308
FRA,SP.POP.65UP.TO,1967,6315071
FRA,SP.POP.65UP.TO,1968,6445207
FRA,SP.POP.65UP.TO,1969,6566302
FRA,SP.POP.65UP.TO,1970,6679046
FRA,SP.POP.65UP.TO,1971,6821956
FRA,SP.POP.65UP.TO,1972,6948039
FRA,SP.POP.65UP.TO,1973,7060580
FRA,SP.POP.65UP.TO,1974,7165157
FRA,SP.POP.65UP.TO,1975,7263708
FRA,SP.POP.65UP.TO,1976,7389803
FRA,SP.POP.65UP.TO,1977,7517272
FRA,SP.POP.65UP.TO,1978,7626239
FRA,SP.POP.65UP.TO,1979,7684231
FRA,SP.POP.65UP.TO,1980,7676406
FRA,SP.POP.65UP.TO,1981,7645929
FRA,SP.POP.65UP.TO,1982,7543518
FRA,SP.POP.65UP.TO,1983,7415921
FRA,SP.POP.65UP.TO,1984,7330906
FRA,SP.POP.65UP.TO,1985,7325866
FRA,SP.POP.65UP.TO,1986,7414589
FRA,SP.POP.65UP.TO,1987,7578147
FRA,SP.POP.65UP.TO,1988,7786882
FRA,SP.POP.65UP.TO,1989,7994204
FRA,SP.POP.65UP.TO,1990,8173977
FRA,SP.POP.65UP.TO,1991,8382292
FRA,SP.POP.65UP.TO,1992,8563476
FRA,SP.POP.65UP.TO,1993,8723114
FRA,SP.POP.65UP.TO,1994,8873879
FRA,SP.POP.65UP.TO,1995,9026724
FRA,SP.POP.65UP.TO,1996,9186162
FRA,SP.POP.65UP.TO,1997,9337781
FRA,SP.POP.65UP.TO,1998,9482291
FRA,SP.POP.65UP.TO,1999,9629375
FRA,SP.POP.65UP.TO,2000,9780945
FRA,SP.POP.65UP.TO,2001,9921083
FRA,SP.POP.65UP.TO,2002,10055839
FRA,SP.POP.65UP.TO,2003,10181452
FRA,SP.POP.65UP.TO,2004,10298427
FRA,SP.POP.65UP.TO,2005,10406839
FRA,SP.POP.65UP.TO,2006,10506632
FRA,SP.POP.65UP.TO,2007,10579718
FRA,SP.POP.65UP.TO,2008,10653763
FRA,SP.POP.65UP.TO,2009,10770641
FRA,SP.POP.65UP.TO,2010,10958456
FRA,SP.POP.65UP.TO,2011,11196671
FRA,SP.POP.65UP.TO,2012,11501590
FRA,SP.POP.65UP.TO,2013,11859164
FRA,SP.POP.65UP.TO,2014,12225941
FRA,SP.POP.65UP.TO,2015,12573570
FRA,SP.POP.65UP.TO,2016,12893321
FRA,SP.POP.65UP.TO,2017,13151703
FRA,SP.POP.65UP.TO,2018,13420643
GRC,SP.POP.TOTL,1960,8331725
GRC,SP.POP.TOTL,1961,8398050
GRC,SP.POP.TOTL,1962,8448233
GRC,SP.POP.TOTL,1963,8479625
GRC,SP.POP.TOTL,1964,8510429
GRC,SP.POP.TOTL,1965,8550333
GRC,SP.POP.TOTL,1966,8613651
GRC,SP.POP.TOTL,1967,8684088
GRC,SP.POP.TOTL,1968,8740765
GRC,SP.POP.TOTL,1969,8772764
GRC,SP.POP.TOTL,1970,8792806
GRC,SP.POP.TOTL,1971,8831036
GRC,SP.POP.TOTL,1972,8888628
GRC,SP.POP.TOTL,1973,8929086
GRC,SP.POP.TOTL,1974,8962022
GRC,SP.POP.TOTL,1975,9046541
GRC,SP.POP.TOTL,1976,9188150
GRC,SP.POP.TOTL,1977,9308479
GRC,SP.POP.TOTL,1978,9429959
GRC,SP.POP.TOTL,1979,9548258
GRC,SP.POP.TOTL,1980,9642505
GRC,SP.POP.TOTL,1981,9729350
GRC,SP.POP.TOTL,1982,9789513
GRC,SP.POP.TOTL,1983,9846627
GRC,SP.POP.TOTL,1984,9895801
GRC,SP.POP.TOTL,1985,9934300
GRC,SP.POP.TOTL,1986,9967213
GRC,SP.POP.TOTL,1987,10000595
GRC,SP.POP.TOTL,1988,10036983
GRC,SP.POP.TOTL,1989,10089498
GRC,SP.POP.TOTL,1990,10196792
GRC,SP.POP.TOTL,1991,10319927
GRC,SP.POP.TOTL,1992,10399061
GRC,SP.POP.TOTL,1993,10460415
GRC,SP.POP.TOTL,1994,10512922
GRC,SP.POP.TOTL,1995,10562153
GRC,SP.POP.TOTL,1996,10608800
GRC,SP.POP.TOTL,1997,10661259
GRC,SP.POP.TOTL,1998,10720509
GRC,SP.POP.TOTL,1999,10761698
GRC,SP.POP.TOTL,2000,10805808
GRC,SP.POP.TOTL,2001,10862132
GRC,SP.POP.TOTL,2002,10902022
GRC,SP.POP.TOTL,2003,10928070
GRC,SP.POP.TOTL,2004,10955141
GRC,SP.POP.TOTL,2005,10987314
GRC,SP.POP.TOTL,2006,11020362
GRC,SP.POP.TOTL,2007,11048473
GRC,SP.POP.TOTL,2008,11077841
GRC,SP.POP.TOTL,2009,11107017
GRC,SP.POP.TOTL,2010,11121341
GRC,SP.POP.TOTL,2011,11104899
GRC,SP.POP.TOTL,2012,11045011
GRC,SP.POP.TOTL,2013,10965211
GRC,SP.POP.TOTL,2014,10892413
GRC,SP.POP.TOTL,2015,10820883
GRC,SP.POP.TOTL,2016,10775971
GRC,SP.POP.TOTL,2017,10754679
GRC,SP.POP.TOTL,2018,10727668
GRC,SP.DYN.LE00.IN,1960,68.1639024390244
GRC,SP.DYN.LE00.IN,1961,68.5486341463415
GRC,SP.DYN.LE00.IN,1962,68.8922682926829
GRC,SP.DYN.LE00.IN,1963,69.1857073170732
GRC,SP.DYN.LE00.IN,1964,69.4294390243902
GRC,SP.DYN.LE00.IN,1965,69.638
GRC,SP.DYN.LE00.IN,1966,69.8374634146341
GRC,SP.DYN.LE00.IN,1967,70.0524634146342
GRC,SP.DYN.LE00.IN,1968,70.3025609756098
GRC,SP.DYN.LE00.IN,1969,70.5892926829268
GRC,SP.DYN.LE00.IN,1970,70.9036341463415
GRC,SP.DYN.LE00.IN,1971,71.2265609756098
GRC,SP.DYN.LE00.IN,1972,71.535
GRC,SP.DYN.LE00.IN,1973,71.8148536585366
GRC,SP.DYN.LE00.IN,1974,72.0646341463415
GRC,SP.DYN.LE00.IN,1975,72.2937073170732
GRC,SP.DYN.LE00.IN,1976,72.5195609756098
GRC,SP.DYN.LE00.IN,1977,72.7616585365854
GRC,SP.DYN.LE00.IN,1978,73.0310731707317
GRC,SP.DYN.LE00.IN,1979,73.3293658536585
GRC,SP.DYN.LE00.IN,1980,73.6471463414634
GRC,SP.DYN.LE00.IN,1981,73.9694878048781
GRC,SP.DYN.LE00.IN,1982,74.279
GRC,SP.DYN.LE00.IN,1983,74.5658536585366
GRC,SP.DYN.LE00.IN,1984,74.8291219512195
GRC,SP.DYN.LE00.IN,1985,75.078512195122
GRC,SP.DYN.LE00.IN,1986,75.3297073170732
GRC,SP.DYN.LE00.IN,1987,75.5981463414634
GRC,SP.DYN.LE00.IN,1988,75.891243902439
GRC,SP.DYN.LE00.IN,1989,76.6878048780488
GRC,SP.DYN.LE00.IN,1990,76.9390243902439
GRC,SP.DYN.LE00.IN,1991,77.1365853658537
GRC,SP.DYN.LE00.IN,1992,77.3829268292683
GRC,SP.DYN.LE00.IN,1993,77.390243902439
GRC,SP.DYN.LE00.IN,1994,77.6390243902439
GRC,SP.DYN.LE00.IN,1995,77.5853658536585
GRC,SP.DYN.LE00.IN,1996,77.6853658536585
GRC,SP.DYN.LE00.IN,1997,78.1365853658537
GRC,SP.DYN.LE00.IN,1998,77.8390243902439
GRC,SP.DYN.LE00.IN,1999,77.9878048780488
GRC,SP.DYN.LE00.IN,2000,77.8878048780488
GRC,SP.DYN.LE00.IN,2001,78.3878048780488
GRC,SP.DYN.LE00.IN,2002,78.6414634146341
GRC,SP.DYN.LE00.IN,2003,78.8414634146341
GRC,SP.DYN.LE00.IN,2004,79.0390243902439
GRC,SP.DYN.LE00.IN,2005,79.2390243902439
GRC,SP.DYN.LE00.IN,2006,79.4390243902439
GRC,SP.DYN.LE00.IN,2007,79.4390243902439
GRC,SP.DYN.LE00.IN,2008,79.9390243902439
GRC,SP.DYN.LE00.IN,2009,80.1878048780488
GRC,SP.DYN.LE00.IN,2010,80.3878048780488
GRC,SP.DYN.LE00.IN,2011,80.7317073170732
GRC,SP.DYN.LE00.IN,2012,80.6341463414634
GRC,SP.DYN.LE00.IN,2013,81.2853658536585
GRC,SP.DYN.LE00.IN,2014,81.3853658536585
GRC,SP.DYN.LE00.IN,2015,81.0365853658537
GRC,SP.DYN.LE00.IN,2016,81.3878048780488
GRC,SP.DYN.LE00.IN,2017,81.3878048780488
GRC,NY.GDP.MKTP.KD.ZG,1961,13.2038411934427
GRC,NY.GDP.MKTP.KD.ZG,1962,0.364810538216716
GRC,NY.GDP.MKTP.KD.ZG,1963,11.8448676740362
GRC,NY.GDP.MKTP.KD.ZG,1964,9.40967663829282
GRC,NY.GDP.MKTP.KD.ZG,1965,10.7680105057905
GRC,NY.GDP.MKTP.KD.ZG,1966,6.49450234707547
GRC,NY.GDP.MKTP.KD.ZG,1967,5.66948546671586
GRC,NY.GDP.MKTP.KD.ZG,1968,7.20371890047187
GRC,NY.GDP.MKTP.KD.ZG,1969,11.5636672907284
GRC,NY.GDP.MKTP.KD.ZG,1970,8.93058075921299
GRC,NY.GDP.MKTP.KD.ZG,1971,7.84117693362568
GRC,NY.GDP.MKTP.KD.ZG,1972,10.1601512031329
GRC,NY.GDP.MKTP.KD.ZG,1973,8.09237860179488
GRC,NY.GDP.MKTP.KD.ZG,1974,-6.43824054159336
GRC,NY.GDP.MKTP.KD.ZG,1975,6.3668086173942
GRC,NY.GDP.MKTP.KD.ZG,1976,6.85189802733133
GRC,NY.GDP.MKTP.KD.ZG,1977,2.94100169179148
GRC,NY.GDP.MKTP.KD.ZG,1978,7.24686333636429
GRC,NY.GDP.MKTP.KD.ZG,1979,3.28208019565952
GRC,NY.GDP.MKTP.KD.ZG,1980,0.67713108680006
GRC,NY.GDP.MKTP.KD.ZG,1981,-1.55372122575402
GRC,NY.GDP.MKTP.KD.ZG,1982,-1.13264755351396
GRC,NY.GDP.MKTP.KD.ZG,1983,-1.07862233482605
GRC,NY.GDP.MKTP.KD.ZG,1984,2.01058038462305
GRC,NY.GDP.MKTP.KD.ZG,1985,2.5095565350787
GRC,NY.GDP.MKTP.KD.ZG,1986,0.517660118748253
GRC,NY.GDP.MKTP.KD.ZG,1987,-2.25886349705429
GRC,NY.GDP.MKTP.KD.ZG,1988,4.28786164850648
GRC,NY.GDP.MKTP.KD.ZG,1989,3.79999999564986
GRC,NY.GDP.MKTP.KD.ZG,1990,0
GRC,NY.GDP.MKTP.KD.ZG,1991,3.09999998861477
GRC,NY.GDP.MKTP.KD.ZG,1992,0.70000000474235
GRC,NY.GDP.MKTP.KD.ZG,1993,-1.59999996232489
GRC,NY.GDP.MKTP.KD.ZG,1994,2.00000002461354
GRC,NY.GDP.MKTP.KD.ZG,1995,2.09971974391323
GRC,NY.GDP.MKTP.KD.ZG,1996,2.86212890949049
GRC,NY.GDP.MKTP.KD.ZG,1997,4.48419908217453
GRC,NY.GDP.MKTP.KD.ZG,1998,3.89490478020595
GRC,NY.GDP.MKTP.KD.ZG,1999,3.0725966881793
GRC,NY.GDP.MKTP.KD.ZG,2000,3.9197707576146
GRC,NY.GDP.MKTP.KD.ZG,2001,4.13161208119371
GRC,NY.GDP.MKTP.KD.ZG,2002,3.92287181307964
GRC,NY.GDP.MKTP.KD.ZG,2003,5.79453123883324
GRC,NY.GDP.MKTP.KD.ZG,2004,5.0609926100659
GRC,NY.GDP.MKTP.KD.ZG,2005,0.599142080317989
GRC,NY.GDP.MKTP.KD.ZG,2006,5.65243366900454
GRC,NY.GDP.MKTP.KD.ZG,2007,3.27374690375697
GRC,NY.GDP.MKTP.KD.ZG,2008,-0.335172576683306
GRC,NY.GDP.MKTP.KD.ZG,2009,-4.3007336610621
GRC,NY.GDP.MKTP.KD.ZG,2010,-5.47903710212778
GRC,NY.GDP.MKTP.KD.ZG,2011,-9.13249412984462
GRC,NY.GDP.MKTP.KD.ZG,2012,-7.30049396069786
GRC,NY.GDP.MKTP.KD.ZG,2013,-3.24142505601294
GRC,NY.GDP.MKTP.KD.ZG,2014,0.739777138557756
GRC,NY.GDP.MKTP.KD.ZG,2015,-0.43783393784453
GRC,NY.GDP.MKTP.KD.ZG,2016,-0.190952295750137
GRC,NY.GDP.MKTP.KD.ZG,2017,1.50509933940322
GRC,NY.GDP.MKTP.KD.ZG,2018,1.93437082746027
GRC,NY.GNP.PCAP.CD,1962,620
GRC,NY.GNP.PCAP.CD,1963,700
GRC,NY.GNP.PCAP.CD,1964,790
GRC,NY.GNP.PCAP.CD,1965,900
GRC,NY.GNP.PCAP.CD,1966,1000
GRC,NY.GNP.PCAP.CD,1967,1090
GRC,NY.GNP.PCAP.CD,1968,1200
GRC,NY.GNP.PCAP.CD,1969,1370
GRC,NY.GNP.PCAP.CD,1970,1540
GRC,NY.GNP.PCAP.CD,1971,1720
GRC,NY.GNP.PCAP.CD,1972,2000
GRC,NY.GNP.PCAP.CD,1973,2490
GRC,NY.GNP.PCAP.CD,1974,2850
GRC,NY.GNP.PCAP.CD,1975,3480
GRC,NY.GNP.PCAP.CD,1976,3750
GRC,NY.GNP.PCAP.CD,1977,3940
GRC,NY.GNP.PCAP.CD,1978,4600
GRC,NY.GNP.PCAP.CD,1979,5650
GRC,NY.GNP.PCAP.CD,1980,6500
GRC,NY.GNP.PCAP.CD,1981,6370
GRC,NY.GNP.PCAP.CD,1982,5910
GRC,NY.GNP.PCAP.CD,1983,5280
GRC,NY.GNP.PCAP.CD,1984,5140
GRC,NY.GNP.PCAP.CD,1985,5010
GRC,NY.GNP.PCAP.CD,1986,5360
GRC,NY.GNP.PCAP.CD,1987,6130
GRC,NY.GNP.PCAP.CD,1988,7590
GRC,NY.GNP.PCAP.CD,1989,8310
GRC,NY.GNP.PCAP.CD,1990,8970
GRC,NY.GNP.PCAP.CD,1991,9850
GRC,NY.GNP.PCAP.CD,1992,11200
GRC,NY.GNP.PCAP.CD,1993,11140
GRC,NY.GNP.PCAP.CD,1994,11610
GRC,NY.GNP.PCAP.CD,1995,12410
GRC,NY.GNP.PCAP.CD,1996,13430
GRC,NY.GNP.PCAP.CD,1997,14100
GRC,NY.GNP.PCAP.CD,1998,13810
GRC,NY.GNP.PCAP.CD,1999,13380
GRC,NY.GNP.PCAP.CD,2000,13330
GRC,NY.GNP.PCAP.CD,2001,13070
GRC,NY.GNP.PCAP.CD,2002,13150
GRC,NY.GNP.PCAP.CD,2003,15700
GRC,NY.GNP.PCAP.CD,2004,19580
GRC,NY.GNP.PCAP.CD,2005,22760
GRC,NY.GNP.PCAP.CD,2006,24550
GRC,NY.GNP.PCAP.CD,2007,26350
GRC,NY.GNP.PCAP.CD,2008,28660
GRC,NY.GNP.PCAP.CD,2009,29330
GRC,NY.GNP.PCAP.CD,2010,27660
GRC,NY.GNP.PCAP.CD,2011,24930
GRC,NY.GNP.PCAP.CD,2012,23500
GRC,NY.GNP.PCAP.CD,2013,22540
GRC,NY.GNP.PCAP.CD,2014,22180
GRC,NY.GNP.PCAP.CD,2015,20320
GRC,NY.GNP.PCAP.CD,2016,18890
GRC,NY.GNP.PCAP.CD,2017,18340
GRC,NY.GNP.PCAP.CD,2018,19770
GRC,SP.DYN.CDRT.IN,1960,7.3
GRC,SP.DYN.CDRT.IN,1961,7.6
GRC,SP.DYN.CDRT.IN,1962,7.9
GRC,SP.DYN.CDRT.IN,1963,7.9
GRC,SP.DYN.CDRT.IN,1964,8.2
GRC,SP.DYN.CDRT.IN,1965,7.9
GRC,SP.DYN.CDRT.IN,1966,7.9
GRC,SP.DYN.CDRT.IN,1967,8.3
GRC,SP.DYN.CDRT.IN,1968,8.4
GRC,SP.DYN.CDRT.IN,1969,8.2
GRC,SP.DYN.CDRT.IN,1970,8.4
GRC,SP.DYN.CDRT.IN,1971,8.4
GRC,SP.DYN.CDRT.IN,1972,8.6
GRC,SP.DYN.CDRT.IN,1973,8.7
GRC,SP.DYN.CDRT.IN,1974,8.5
GRC,SP.DYN.CDRT.IN,1975,8.9
GRC,SP.DYN.CDRT.IN,1976,8.9
GRC,SP.DYN.CDRT.IN,1977,9
GRC,SP.DYN.CDRT.IN,1978,8.7
GRC,SP.DYN.CDRT.IN,1979,8.6
GRC,SP.DYN.CDRT.IN,1980,9.1
GRC,SP.DYN.CDRT.IN,1981,8.9
GRC,SP.DYN.CDRT.IN,1982,8.8
GRC,SP.DYN.CDRT.IN,1983,9.2
GRC,SP.DYN.CDRT.IN,1984,8.9
GRC,SP.DYN.CDRT.IN,1985,9.4
GRC,SP.DYN.CDRT.IN,1986,9.2
GRC,SP.DYN.CDRT.IN,1987,9.6
GRC,SP.DYN.CDRT.IN,1988,9.2
GRC,SP.DYN.CDRT.IN,1989,9.2
GRC,SP.DYN.CDRT.IN,1990,9.2
GRC,SP.DYN.CDRT.IN,1991,9.3
GRC,SP.DYN.CDRT.IN,1992,9.4
GRC,SP.DYN.CDRT.IN,1993,9.3
GRC,SP.DYN.CDRT.IN,1994,9.3
GRC,SP.DYN.CDRT.IN,1995,9.5
GRC,SP.DYN.CDRT.IN,1996,9.5
GRC,SP.DYN.CDRT.IN,1997,9.4
GRC,SP.DYN.CDRT.IN,1998,9.6
GRC,SP.DYN.CDRT.IN,1999,9.6
GRC,SP.DYN.CDRT.IN,2000,9.7
GRC,SP.DYN.CDRT.IN,2001,9.4
GRC,SP.DYN.CDRT.IN,2002,9.5
GRC,SP.DYN.CDRT.IN,2003,9.7
GRC,SP.DYN.CDRT.IN,2004,9.6
GRC,SP.DYN.CDRT.IN,2005,9.6
GRC,SP.DYN.CDRT.IN,2006,9.6
GRC,SP.DYN.CDRT.IN,2007,9.9
GRC,SP.DYN.CDRT.IN,2008,9.7
GRC,SP.DYN.CDRT.IN,2009,9.8
GRC,SP.DYN.CDRT.IN,2010,9.8
GRC,SP.DYN.CDRT.IN,2011,10
GRC,SP.DYN.CDRT.IN,2012,10.6
GRC,SP.DYN.CDRT.IN,2013,10.2
GRC,SP.DYN.CDRT.IN,2014,10.4
GRC,SP.DYN.CDRT.IN,2015,11.2
GRC,SP.DYN.CDRT.IN,2016,11
GRC,SP.DYN.CDRT.IN,2017,11.6
GRC,SP.DYN.CBRT.IN,1960,18.9
GRC,SP.DYN.CBRT.IN,1961,17.9
GRC,SP.DYN.CBRT.IN,1962,18
GRC,SP.DYN.CBRT.IN,1963,17.5
GRC,SP.DYN.CBRT.IN,1964,18
GRC,SP.DYN.CBRT.IN,1965,17.7
GRC,SP.DYN.CBRT.IN,1966,18
GRC,SP.DYN.CBRT.IN,1967,18.8
GRC,SP.DYN.CBRT.IN,1968,18.4
GRC,SP.DYN.CBRT.IN,1969,17.6
GRC,SP.DYN.CBRT.IN,1970,16.5
GRC,SP.DYN.CBRT.IN,1971,16
GRC,SP.DYN.CBRT.IN,1972,15.9
GRC,SP.DYN.CBRT.IN,1973,15.4
GRC,SP.DYN.CBRT.IN,1974,16.1
GRC,SP.DYN.CBRT.IN,1975,15.7
GRC,SP.DYN.CBRT.IN,1976,16
GRC,SP.DYN.CBRT.IN,1977,15.4
GRC,SP.DYN.CBRT.IN,1978,15.5
GRC,SP.DYN.CBRT.IN,1979,15.5
GRC,SP.DYN.CBRT.IN,1980,15.4
GRC,SP.DYN.CBRT.IN,1981,14.5
GRC,SP.DYN.CBRT.IN,1982,14
GRC,SP.DYN.CBRT.IN,1983,13.5
GRC,SP.DYN.CBRT.IN,1984,12.7
GRC,SP.DYN.CBRT.IN,1985,11.7
GRC,SP.DYN.CBRT.IN,1986,11.3
GRC,SP.DYN.CBRT.IN,1987,10.6
GRC,SP.DYN.CBRT.IN,1988,10.7
GRC,SP.DYN.CBRT.IN,1989,10.1
GRC,SP.DYN.CBRT.IN,1990,10
GRC,SP.DYN.CBRT.IN,1991,9.9
GRC,SP.DYN.CBRT.IN,1992,10
GRC,SP.DYN.CBRT.IN,1993,9.7
GRC,SP.DYN.CBRT.IN,1994,9.9
GRC,SP.DYN.CBRT.IN,1995,9.6
GRC,SP.DYN.CBRT.IN,1996,9.5
GRC,SP.DYN.CBRT.IN,1997,9.6
GRC,SP.DYN.CBRT.IN,1998,9.4
GRC,SP.DYN.CBRT.IN,1999,9.4
GRC,SP.DYN.CBRT.IN,2000,9.6
GRC,SP.DYN.CBRT.IN,2001,9.4
GRC,SP.DYN.CBRT.IN,2002,9.5
GRC,SP.DYN.CBRT.IN,2003,9.6
GRC,SP.DYN.CBRT.IN,2004,9.6
GRC,SP.DYN.CBRT.IN,2005,9.8
GRC,SP.DYN.CBRT.IN,2006,10.2
GRC,SP.DYN.CBRT.IN,2007,10.1
GRC,SP.DYN.CBRT.IN,2008,10.7
GRC,SP.DYN.CBRT.IN,2009,10.6
GRC,SP.DYN.CBRT.IN,2010,10.3
GRC,SP.DYN.CBRT.IN,2011,9.6
GRC,SP.DYN.CBRT.IN,2012,9.1
GRC,SP.DYN.CBRT.IN,2013,8.6
GRC,SP.DYN.CBRT.IN,2014,8.5
GRC,SP.DYN.CBRT.IN,2015,8.5
GRC,SP.DYN.CBRT.IN,2016,8.6
GRC,SP.DYN.CBRT.IN,2017,8.2
GRC,SP.DYN.TFRT.IN,1960,2.23
GRC,SP.DYN.TFRT.IN,1961,2.13
GRC,SP.DYN.TFRT.IN,1962,2.16
GRC,SP.DYN.TFRT.IN,1963,2.14
GRC,SP.DYN.TFRT.IN,1964,2.24
GRC,SP.DYN.TFRT.IN,1965,2.25
GRC,SP.DYN.TFRT.IN,1966,2.32
GRC,SP.DYN.TFRT.IN,1967,2.45
GRC,SP.DYN.TFRT.IN,1968,2.42
GRC,SP.DYN.TFRT.IN,1969,2.36
GRC,SP.DYN.TFRT.IN,1970,2.4
GRC,SP.DYN.TFRT.IN,1971,2.32
GRC,SP.DYN.TFRT.IN,1972,2.32
GRC,SP.DYN.TFRT.IN,1973,2.27
GRC,SP.DYN.TFRT.IN,1974,2.38
GRC,SP.DYN.TFRT.IN,1975,2.33
GRC,SP.DYN.TFRT.IN,1976,2.35
GRC,SP.DYN.TFRT.IN,1977,2.27
GRC,SP.DYN.TFRT.IN,1978,2.28
GRC,SP.DYN.TFRT.IN,1979,2.26
GRC,SP.DYN.TFRT.IN,1980,2.23
GRC,SP.DYN.TFRT.IN,1981,2.09
GRC,SP.DYN.TFRT.IN,1982,2.03
GRC,SP.DYN.TFRT.IN,1983,1.94
GRC,SP.DYN.TFRT.IN,1984,1.83
GRC,SP.DYN.TFRT.IN,1985,1.67
GRC,SP.DYN.TFRT.IN,1986,1.6
GRC,SP.DYN.TFRT.IN,1987,1.5
GRC,SP.DYN.TFRT.IN,1988,1.5
GRC,SP.DYN.TFRT.IN,1989,1.4
GRC,SP.DYN.TFRT.IN,1990,1.39
GRC,SP.DYN.TFRT.IN,1991,1.37
GRC,SP.DYN.TFRT.IN,1992,1.36
GRC,SP.DYN.TFRT.IN,1993,1.32
GRC,SP.DYN.TFRT.IN,1994,1.33
GRC,SP.DYN.TFRT.IN,1995,1.28
GRC,SP.DYN.TFRT.IN,1996,1.26
GRC,SP.DYN.TFRT.IN,1997,1.27
GRC,SP.DYN.TFRT.IN,1998,1.24
GRC,SP.DYN.TFRT.IN,1999,1.23
GRC,SP.DYN.TFRT.IN,2000,1.25
GRC,SP.DYN.TFRT.IN,2001,1.25
GRC,SP.DYN.TFRT.IN,2002,1.28
GRC,SP.DYN.TFRT.IN,2003,1.29
GRC,SP.DYN.TFRT.IN,2004,1.31
GRC,SP.DYN.TFRT.IN,2005,1.34
GRC,SP.DYN.TFRT.IN,2006,1.4
GRC,SP.DYN.TFRT.IN,2007,1.41
GRC,SP.DYN.TFRT.IN,2008,1.5
GRC,SP.DYN.TFRT.IN,2009,1.5
GRC,SP.DYN.TFRT.IN,2010,1.48
GRC,SP.DYN.TFRT.IN,2011,1.4
GRC,SP.DYN.TFRT.IN,2012,1.34
GRC,SP.DYN.TFRT.IN,2013,1.29
GRC,SP.DYN.TFRT.IN,2014,1.3
GRC,SP.DYN.TFRT.IN,2015,1.33
GRC,SP.DYN.TFRT.IN,2016,1.38
GRC,SP.DYN.TFRT.IN,2017,1.38
GRC,SP.POP.0014.TO,1960,2278855
GRC,SP.POP.0014.TO,1961,2304478
GRC,SP.POP.0014.TO,1962,2302775
GRC,SP.POP.0014.TO,1963,2282446
GRC,SP.POP.0014.TO,1964,2266279
GRC,SP.POP.0014.TO,1965,2265766
GRC,SP.POP.0014.TO,1966,2257295
GRC,SP.POP.0014.TO,1967,2268659
GRC,SP.POP.0014.TO,1968,2286962
GRC,SP.POP.0014.TO,1969,2295951
GRC,SP.POP.0014.TO,1970,2292333
GRC,SP.POP.0014.TO,1971,2296051
GRC,SP.POP.0014.TO,1972,2290209
GRC,SP.POP.0014.TO,1973,2271023
GRC,SP.POP.0014.TO,1974,2251671
GRC,SP.POP.0014.TO,1975,2252452
GRC,SP.POP.0014.TO,1976,2257236
GRC,SP.POP.0014.TO,1977,2266314
GRC,SP.POP.0014.TO,1978,2279655
GRC,SP.POP.0014.TO,1979,2287235
GRC,SP.POP.0014.TO,1980,2280111
GRC,SP.POP.0014.TO,1981,2284877
GRC,SP.POP.0014.TO,1982,2271801
GRC,SP.POP.0014.TO,1983,2250644
GRC,SP.POP.0014.TO,1984,2226047
GRC,SP.POP.0014.TO,1985,2199040
GRC,SP.POP.0014.TO,1986,2165996
GRC,SP.POP.0014.TO,1987,2127864
GRC,SP.POP.0014.TO,1988,2084672
GRC,SP.POP.0014.TO,1989,2039802
GRC,SP.POP.0014.TO,1990,2003171
GRC,SP.POP.0014.TO,1991,1966528
GRC,SP.POP.0014.TO,1992,1926656
GRC,SP.POP.0014.TO,1993,1885325
GRC,SP.POP.0014.TO,1994,1839401
GRC,SP.POP.0014.TO,1995,1788609
GRC,SP.POP.0014.TO,1996,1760349
GRC,SP.POP.0014.TO,1997,1725083
GRC,SP.POP.0014.TO,1998,1688347
GRC,SP.POP.0014.TO,1999,1654178
GRC,SP.POP.0014.TO,2000,1629581
GRC,SP.POP.0014.TO,2001,1619969
GRC,SP.POP.0014.TO,2002,1615342
GRC,SP.POP.0014.TO,2003,1614737
GRC,SP.POP.0014.TO,2004,1616378
GRC,SP.POP.0014.TO,2005,1618266
GRC,SP.POP.0014.TO,2006,1628385
GRC,SP.POP.0014.TO,2007,1641432
GRC,SP.POP.0014.TO,2008,1656127
GRC,SP.POP.0014.TO,2009,1668694
GRC,SP.POP.0014.TO,2010,1674313
GRC,SP.POP.0014.TO,2011,1671338
GRC,SP.POP.0014.TO,2012,1652358
GRC,SP.POP.0014.TO,2013,1624733
GRC,SP.POP.0014.TO,2014,1598531
GRC,SP.POP.0014.TO,2015,1575504
GRC,SP.POP.0014.TO,2016,1546920
GRC,SP.POP.0014.TO,2017,1527681
GRC,SP.POP.0014.TO,2018,1509516
GRC,SP.POP.1564.TO,1960,5465748
GRC,SP.POP.1564.TO,1961,5491824
GRC,SP.POP.1564.TO,1962,5528658
GRC,SP.POP.1564.TO,1963,5565408
GRC,SP.POP.1564.TO,1964,5597025
GRC,SP.POP.1564.TO,1965,5621279
GRC,SP.POP.1564.TO,1966,5651538
GRC,SP.POP.1564.TO,1967,5666352
GRC,SP.POP.1564.TO,1968,5658774
GRC,SP.POP.1564.TO,1969,5633766
GRC,SP.POP.1564.TO,1970,5605477
GRC,SP.POP.1564.TO,1971,5611350
GRC,SP.POP.1564.TO,1972,5642829
GRC,SP.POP.1564.TO,1973,5672142
GRC,SP.POP.1564.TO,1974,5696521
GRC,SP.POP.1564.TO,1975,5748788
GRC,SP.POP.1564.TO,1976,5847188
GRC,SP.POP.1564.TO,1977,5924612
GRC,SP.POP.1564.TO,1978,6000989
GRC,SP.POP.1564.TO,1979,6082597
GRC,SP.POP.1564.TO,1980,6160125
GRC,SP.POP.1564.TO,1981,6225351
GRC,SP.POP.1564.TO,1982,6285818
GRC,SP.POP.1564.TO,1983,6351799
GRC,SP.POP.1564.TO,1984,6413941
GRC,SP.POP.1564.TO,1985,6468653
GRC,SP.POP.1564.TO,1986,6524129
GRC,SP.POP.1564.TO,1987,6582138
GRC,SP.POP.1564.TO,1988,6642194
GRC,SP.POP.1564.TO,1989,6710546
GRC,SP.POP.1564.TO,1990,6810621
GRC,SP.POP.1564.TO,1991,6933221
GRC,SP.POP.1564.TO,1992,7018923
GRC,SP.POP.1564.TO,1993,7087968
GRC,SP.POP.1564.TO,1994,7150628
GRC,SP.POP.1564.TO,1995,7211908
GRC,SP.POP.1564.TO,1996,7245466
GRC,SP.POP.1564.TO,1997,7288984
GRC,SP.POP.1564.TO,1998,7338622
GRC,SP.POP.1564.TO,1999,7371221
GRC,SP.POP.1564.TO,2000,7398619
GRC,SP.POP.1564.TO,2001,7415408
GRC,SP.POP.1564.TO,2002,7415638
GRC,SP.POP.1564.TO,2003,7404147
GRC,SP.POP.1564.TO,2004,7397183
GRC,SP.POP.1564.TO,2005,7400877
GRC,SP.POP.1564.TO,2006,7383789
GRC,SP.POP.1564.TO,2007,7368441
GRC,SP.POP.1564.TO,2008,7356513
GRC,SP.POP.1564.TO,2009,7343262
GRC,SP.POP.1564.TO,2010,7317088
GRC,SP.POP.1564.TO,2011,7279540
GRC,SP.POP.1564.TO,2012,7214133
GRC,SP.POP.1564.TO,2013,7136265
GRC,SP.POP.1564.TO,2014,7063412
GRC,SP.POP.1564.TO,2015,6992363
GRC,SP.POP.1564.TO,2016,6952093
GRC,SP.POP.1564.TO,2017,6925566
GRC,SP.POP.1564.TO,2018,6895046
GRC,SP.POP.65UP.TO,1960,587122
GRC,SP.POP.65UP.TO,1961,601747
GRC,SP.POP.65UP.TO,1962,616800
GRC,SP.POP.65UP.TO,1963,631771
GRC,SP.POP.65UP.TO,1964,647125
GRC,SP.POP.65UP.TO,1965,663288
GRC,SP.POP.65UP.TO,1966,704818
GRC,SP.POP.65UP.TO,1967,749077
GRC,SP.POP.65UP.TO,1968,795028
GRC,SP.POP.65UP.TO,1969,843046
GRC,SP.POP.65UP.TO,1970,894995
GRC,SP.POP.65UP.TO,1971,923635
GRC,SP.POP.65UP.TO,1972,955590
GRC,SP.POP.65UP.TO,1973,985921
GRC,SP.POP.65UP.TO,1974,1013830
GRC,SP.POP.65UP.TO,1975,1045301
GRC,SP.POP.65UP.TO,1976,1083727
GRC,SP.POP.65UP.TO,1977,1117553
GRC,SP.POP.65UP.TO,1978,1149314
GRC,SP.POP.65UP.TO,1979,1178426
GRC,SP.POP.65UP.TO,1980,1202269
GRC,SP.POP.65UP.TO,1981,1219122
GRC,SP.POP.65UP.TO,1982,1231893
GRC,SP.POP.65UP.TO,1983,1244184
GRC,SP.POP.65UP.TO,1984,1255814
GRC,SP.POP.65UP.TO,1985,1266607
GRC,SP.POP.65UP.TO,1986,1277088
GRC,SP.POP.65UP.TO,1987,1290593
GRC,SP.POP.65UP.TO,1988,1310117
GRC,SP.POP.65UP.TO,1989,1339150
GRC,SP.POP.65UP.TO,1990,1383001
GRC,SP.POP.65UP.TO,1991,1420177
GRC,SP.POP.65UP.TO,1992,1453482
GRC,SP.POP.65UP.TO,1993,1487122
GRC,SP.POP.65UP.TO,1994,1522894
GRC,SP.POP.65UP.TO,1995,1561635
GRC,SP.POP.65UP.TO,1996,1602984
GRC,SP.POP.65UP.TO,1997,1647192
GRC,SP.POP.65UP.TO,1998,1693539
GRC,SP.POP.65UP.TO,1999,1736299
GRC,SP.POP.65UP.TO,2000,1777608
GRC,SP.POP.65UP.TO,2001,1826755
GRC,SP.POP.65UP.TO,2002,1871042
GRC,SP.POP.65UP.TO,2003,1909185
GRC,SP.POP.65UP.TO,2004,1941580
GRC,SP.POP.65UP.TO,2005,1968170
GRC,SP.POP.65UP.TO,2006,2008188
GRC,SP.POP.65UP.TO,2007,2038600
GRC,SP.POP.65UP.TO,2008,2065201
GRC,SP.POP.65UP.TO,2009,2095061
GRC,SP.POP.65UP.TO,2010,2129940
GRC,SP.POP.65UP.TO,2011,2154021
GRC,SP.POP.65UP.TO,2012,2178520
GRC,SP.POP.65UP.TO,2013,2204213
GRC,SP.POP.65UP.TO,2014,2230470
GRC,SP.POP.65UP.TO,2015,2253017
GRC,SP.POP.65UP.TO,2016,2276958
GRC,SP.POP.65UP.TO,2017,2301432
GRC,SP.POP.65UP.TO,2018,2323106
